event_id,ts,alarm
EVT0001,2026-01-06 02:09:10+00:00,SHEET_BREAK
EVT0001,2026-01-06 02:10:20+00:00,BASIS_WEIGHT_OFF_SPEC
EVT0001,2026-01-06 02:10:45+00:00,BASIS_WEIGHT_OFF_SPEC
EVT0001,2026-01-06 02:11:10+00:00,BASIS_WEIGHT_OFF_SPEC
EVT0001,2026-01-06 02:11:35+00:00,BASIS_WEIGHT_OFF_SPEC
EVT0001,2026-01-06 02:12:00+00:00,BASIS_WEIGHT_OFF_SPEC
EVT0001,2026-01-06 02:12:25+00:00,BASIS_WEIGHT_OFF_SPEC
EVT0001,2026-01-06 02:12:50+00:00,BASIS_WEIGHT_OFF_SPEC
EVT0001,2026-01-06 02:13:15+00:00,BASIS_WEIGHT_OFF_SPEC
EVT0001,2026-01-06 02:13:40+00:00,BASIS_WEIGHT_OFF_SPEC
EVT0001,2026-01-06 02:14:05+00:00,BASIS_WEIGHT_OFF_SPEC
EVT0001,2026-01-06 02:14:30+00:00,BASIS_WEIGHT_OFF_SPEC
EVT0001,2026-01-06 02:14:55+00:00,BASIS_WEIGHT_OFF_SPEC
EVT0001,2026-01-06 02:15:20+00:00,BASIS_WEIGHT_OFF_SPEC
EVT0001,2026-01-06 02:15:45+00:00,BASIS_WEIGHT_OFF_SPEC
EVT0001,2026-01-06 02:16:10+00:00,BASIS_WEIGHT_OFF_SPEC
EVT0001,2026-01-06 02:16:35+00:00,BASIS_WEIGHT_OFF_SPEC
EVT0001,2026-01-06 02:17:00+00:00,BASIS_WEIGHT_OFF_SPEC
EVT0001,2026-01-06 02:17:25+00:00,BASIS_WEIGHT_OFF_SPEC
EVT0001,2026-01-06 02:17:50+00:00,BASIS_WEIGHT_OFF_SPEC
EVT0001,2026-01-06 02:18:15+00:00,BASIS_WEIGHT_OFF_SPEC
EVT0001,2026-01-06 02:18:40+00:00,BASIS_WEIGHT_OFF_SPEC
EVT0001,2026-01-06 02:19:05+00:00,BASIS_WEIGHT_OFF_SPEC
EVT0001,2026-01-06 02:19:30+00:00,BASIS_WEIGHT_OFF_SPEC
EVT0001,2026-01-06 02:19:55+00:00,BASIS_WEIGHT_OFF_SPEC
EVT0001,2026-01-06 02:20:20+00:00,BASIS_WEIGHT_OFF_SPEC
EVT0001,2026-01-06 02:20:45+00:00,BASIS_WEIGHT_OFF_SPEC
EVT0001,2026-01-06 02:21:10+00:00,BASIS_WEIGHT_OFF_SPEC
EVT0001,2026-01-06 02:21:35+00:00,BASIS_WEIGHT_OFF_SPEC
EVT0002,2026-01-06 13:03:00+00:00,STEAM_HEADER_SATURATED
EVT0002,2026-01-06 13:06:20+00:00,BASIS_WEIGHT_OFF_SPEC
EVT0002,2026-01-06 13:06:45+00:00,BASIS_WEIGHT_OFF_SPEC
EVT0002,2026-01-06 13:07:10+00:00,BASIS_WEIGHT_OFF_SPEC
EVT0002,2026-01-06 13:07:35+00:00,BASIS_WEIGHT_OFF_SPEC
EVT0002,2026-01-06 13:08:00+00:00,BASIS_WEIGHT_OFF_SPEC
EVT0002,2026-01-06 13:08:25+00:00,BASIS_WEIGHT_OFF_SPEC
EVT0002,2026-01-06 13:08:50+00:00,BASIS_WEIGHT_OFF_SPEC
EVT0002,2026-01-06 13:09:15+00:00,BASIS_WEIGHT_OFF_SPEC
EVT0002,2026-01-06 13:09:40+00:00,BASIS_WEIGHT_OFF_SPEC
EVT0002,2026-01-06 13:10:05+00:00,BASIS_WEIGHT_OFF_SPEC
EVT0002,2026-01-06 13:10:30+00:00,BASIS_WEIGHT_OFF_SPEC
EVT0004,2026-01-06 23:05:45+00:00,SCANNER_STANDARDIZING
EVT0004,2026-01-06 23:05:45+00:00,BASIS_WEIGHT_OFF_SPEC
EVT0004,2026-01-06 23:06:10+00:00,BASIS_WEIGHT_OFF_SPEC
EVT0004,2026-01-06 23:06:35+00:00,BASIS_WEIGHT_OFF_SPEC
EVT0004,2026-01-06 23:07:00+00:00,BASIS_WEIGHT_OFF_SPEC
EVT0004,2026-01-06 23:07:25+00:00,BASIS_WEIGHT_OFF_SPEC
EVT0004,2026-01-06 23:07:50+00:00,BASIS_WEIGHT_OFF_SPEC
EVT0004,2026-01-06 23:08:15+00:00,BASIS_WEIGHT_OFF_SPEC
EVT0004,2026-01-06 23:08:40+00:00,BASIS_WEIGHT_OFF_SPEC
EVT0004,2026-01-06 23:09:05+00:00,BASIS_WEIGHT_OFF_SPEC
EVT0004,2026-01-06 23:09:30+00:00,BASIS_WEIGHT_OFF_SPEC
EVT0004,2026-01-06 23:09:55+00:00,BASIS_WEIGHT_OFF_SPEC
EVT0004,2026-01-06 23:10:20+00:00,BASIS_WEIGHT_OFF_SPEC
EVT0004,2026-01-06 23:10:45+00:00,BASIS_WEIGHT_OFF_SPEC
EVT0004,2026-01-06 23:11:10+00:00,BASIS_WEIGHT_OFF_SPEC
EVT0005,2026-01-07 22:04:00+00:00,BASIS_WEIGHT_OFF_SPEC
EVT0005,2026-01-07 22:04:25+00:00,BASIS_WEIGHT_OFF_SPEC
EVT0005,2026-01-07 22:05:05+00:00,BASIS_WEIGHT_OFF_SPEC
EVT0006,2026-01-07 22:08:30+00:00,BASIS_WEIGHT_OFF_SPEC
EVT0006,2026-01-07 22:08:55+00:00,BASIS_WEIGHT_OFF_SPEC
EVT0006,2026-01-07 22:09:20+00:00,BASIS_WEIGHT_OFF_SPEC
EVT0006,2026-01-07 22:09:45+00:00,BASIS_WEIGHT_OFF_SPEC
EVT0006,2026-01-07 22:10:10+00:00,BASIS_WEIGHT_OFF_SPEC
EVT0006,2026-01-07 22:10:35+00:00,BASIS_WEIGHT_OFF_SPEC
EVT0007,2026-01-08 04:03:00+00:00,ACTUATOR_STUCK:stock_flow
EVT0007,2026-01-08 04:07:20+00:00,BASIS_WEIGHT_OFF_SPEC
EVT0007,2026-01-08 04:07:45+00:00,BASIS_WEIGHT_OFF_SPEC
EVT0007,2026-01-08 04:08:10+00:00,BASIS_WEIGHT_OFF_SPEC
EVT0007,2026-01-08 04:08:35+00:00,BASIS_WEIGHT_OFF_SPEC
EVT0007,2026-01-08 04:09:00+00:00,BASIS_WEIGHT_OFF_SPEC
EVT0007,2026-01-08 04:09:25+00:00,BASIS_WEIGHT_OFF_SPEC
EVT0007,2026-01-08 04:09:50+00:00,BASIS_WEIGHT_OFF_SPEC
EVT0007,2026-01-08 04:10:15+00:00,BASIS_WEIGHT_OFF_SPEC
EVT0007,2026-01-08 04:10:40+00:00,BASIS_WEIGHT_OFF_SPEC
EVT0007,2026-01-08 04:11:05+00:00,BASIS_WEIGHT_OFF_SPEC
EVT0007,2026-01-08 04:11:30+00:00,BASIS_WEIGHT_OFF_SPEC
EVT0007,2026-01-08 04:11:55+00:00,BASIS_WEIGHT_OFF_SPEC
EVT0007,2026-01-08 04:12:20+00:00,BASIS_WEIGHT_OFF_SPEC
EVT0007,2026-01-08 04:12:45+00:00,BASIS_WEIGHT_OFF_SPEC
EVT0007,2026-01-08 04:13:10+00:00,BASIS_WEIGHT_OFF_SPEC
EVT0007,2026-01-08 04:13:35+00:00,BASIS_WEIGHT_OFF_SPEC
EVT0007,2026-01-08 04:14:00+00:00,BASIS_WEIGHT_OFF_SPEC
EVT0007,2026-01-08 04:14:25+00:00,BASIS_WEIGHT_OFF_SPEC
EVT0007,2026-01-08 04:14:50+00:00,BASIS_WEIGHT_OFF_SPEC
EVT0007,2026-01-08 04:15:15+00:00,BASIS_WEIGHT_OFF_SPEC
EVT0007,2026-01-08 04:15:40+00:00,BASIS_WEIGHT_OFF_SPEC
EVT0007,2026-01-08 04:16:05+00:00,BASIS_WEIGHT_OFF_SPEC
EVT0007,2026-01-08 04:16:30+00:00,BASIS_WEIGHT_OFF_SPEC
EVT0007,2026-01-08 04:16:55+00:00,BASIS_WEIGHT_OFF_SPEC
EVT0007,2026-01-08 04:17:20+00:00,BASIS_WEIGHT_OFF_SPEC
EVT0007,2026-01-08 04:17:45+00:00,BASIS_WEIGHT_OFF_SPEC
EVT0007,2026-01-08 04:18:10+00:00,BASIS_WEIGHT_OFF_SPEC
EVT0007,2026-01-08 04:18:35+00:00,BASIS_WEIGHT_OFF_SPEC
EVT0007,2026-01-08 04:19:00+00:00,BASIS_WEIGHT_OFF_SPEC
EVT0007,2026-01-08 04:19:25+00:00,BASIS_WEIGHT_OFF_SPEC
EVT0007,2026-01-08 04:19:50+00:00,BASIS_WEIGHT_OFF_SPEC
EVT0007,2026-01-08 04:20:15+00:00,BASIS_WEIGHT_OFF_SPEC
EVT0007,2026-01-08 04:20:40+00:00,BASIS_WEIGHT_OFF_SPEC
EVT0007,2026-01-08 04:21:05+00:00,BASIS_WEIGHT_OFF_SPEC
EVT0007,2026-01-08 04:21:30+00:00,BASIS_WEIGHT_OFF_SPEC
EVT0007,2026-01-08 04:21:55+00:00,BASIS_WEIGHT_OFF_SPEC
EVT0008,2026-01-08 14:05:40+00:00,SCANNER_STANDARDIZING
EVT0008,2026-01-08 14:06:50+00:00,BASIS_WEIGHT_OFF_SPEC
EVT0008,2026-01-08 14:07:15+00:00,BASIS_WEIGHT_OFF_SPEC
EVT0008,2026-01-08 14:07:40+00:00,BASIS_WEIGHT_OFF_SPEC
EVT0008,2026-01-08 14:08:05+00:00,BASIS_WEIGHT_OFF_SPEC
EVT0008,2026-01-08 14:08:30+00:00,BASIS_WEIGHT_OFF_SPEC
EVT0008,2026-01-08 14:08:55+00:00,BASIS_WEIGHT_OFF_SPEC
EVT0008,2026-01-08 14:09:20+00:00,BASIS_WEIGHT_OFF_SPEC
EVT0008,2026-01-08 14:09:45+00:00,BASIS_WEIGHT_OFF_SPEC
EVT0008,2026-01-08 14:10:10+00:00,BASIS_WEIGHT_OFF_SPEC
EVT0008,2026-01-08 14:10:35+00:00,BASIS_WEIGHT_OFF_SPEC
EVT0009,2026-01-09 09:09:25+00:00,BASIS_WEIGHT_OFF_SPEC
EVT0010,2026-01-09 04:07:30+00:00,BASIS_WEIGHT_OFF_SPEC
EVT0010,2026-01-09 04:08:15+00:00,BASIS_WEIGHT_OFF_SPEC
EVT0010,2026-01-09 04:08:40+00:00,BASIS_WEIGHT_OFF_SPEC
EVT0010,2026-01-09 04:09:05+00:00,BASIS_WEIGHT_OFF_SPEC
EVT0010,2026-01-09 04:09:45+00:00,BASIS_WEIGHT_OFF_SPEC
EVT0011,2026-01-10 01:09:30+00:00,BASIS_WEIGHT_OFF_SPEC
EVT0012,2026-01-10 07:09:15+00:00,BASIS_WEIGHT_OFF_SPEC
EVT0013,2026-01-10 22:04:00+00:00,BASIS_WEIGHT_OFF_SPEC
EVT0013,2026-01-10 22:04:25+00:00,BASIS_WEIGHT_OFF_SPEC
EVT0013,2026-01-10 22:04:50+00:00,BASIS_WEIGHT_OFF_SPEC
EVT0013,2026-01-10 22:05:15+00:00,BASIS_WEIGHT_OFF_SPEC
EVT0014,2026-01-10 22:07:00+00:00,SHEET_BREAK
EVT0014,2026-01-10 22:03:55+00:00,BASIS_WEIGHT_OFF_SPEC
EVT0014,2026-01-10 22:04:20+00:00,BASIS_WEIGHT_OFF_SPEC
EVT0014,2026-01-10 22:04:45+00:00,BASIS_WEIGHT_OFF_SPEC
EVT0014,2026-01-10 22:05:10+00:00,BASIS_WEIGHT_OFF_SPEC
EVT0014,2026-01-10 22:08:15+00:00,BASIS_WEIGHT_OFF_SPEC
EVT0014,2026-01-10 22:08:40+00:00,BASIS_WEIGHT_OFF_SPEC
EVT0014,2026-01-10 22:09:05+00:00,BASIS_WEIGHT_OFF_SPEC
EVT0014,2026-01-10 22:09:30+00:00,BASIS_WEIGHT_OFF_SPEC
EVT0014,2026-01-10 22:09:55+00:00,BASIS_WEIGHT_OFF_SPEC
EVT0014,2026-01-10 22:10:20+00:00,BASIS_WEIGHT_OFF_SPEC
EVT0014,2026-01-10 22:10:45+00:00,BASIS_WEIGHT_OFF_SPEC
EVT0014,2026-01-10 22:11:10+00:00,BASIS_WEIGHT_OFF_SPEC
EVT0014,2026-01-10 22:11:35+00:00,BASIS_WEIGHT_OFF_SPEC
EVT0014,2026-01-10 22:12:00+00:00,BASIS_WEIGHT_OFF_SPEC
EVT0014,2026-01-10 22:12:25+00:00,BASIS_WEIGHT_OFF_SPEC
EVT0014,2026-01-10 22:12:50+00:00,BASIS_WEIGHT_OFF_SPEC
EVT0014,2026-01-10 22:13:15+00:00,BASIS_WEIGHT_OFF_SPEC
EVT0014,2026-01-10 22:13:40+00:00,BASIS_WEIGHT_OFF_SPEC
EVT0014,2026-01-10 22:14:05+00:00,BASIS_WEIGHT_OFF_SPEC
EVT0014,2026-01-10 22:14:30+00:00,BASIS_WEIGHT_OFF_SPEC
EVT0014,2026-01-10 22:14:55+00:00,BASIS_WEIGHT_OFF_SPEC
EVT0014,2026-01-10 22:15:20+00:00,BASIS_WEIGHT_OFF_SPEC
EVT0014,2026-01-10 22:15:45+00:00,BASIS_WEIGHT_OFF_SPEC
EVT0014,2026-01-10 22:16:10+00:00,BASIS_WEIGHT_OFF_SPEC
EVT0014,2026-01-10 22:16:35+00:00,BASIS_WEIGHT_OFF_SPEC
EVT0014,2026-01-10 22:17:00+00:00,BASIS_WEIGHT_OFF_SPEC
EVT0014,2026-01-10 22:17:25+00:00,BASIS_WEIGHT_OFF_SPEC
EVT0014,2026-01-10 22:17:50+00:00,BASIS_WEIGHT_OFF_SPEC
EVT0014,2026-01-10 22:18:15+00:00,BASIS_WEIGHT_OFF_SPEC
EVT0014,2026-01-10 22:18:40+00:00,BASIS_WEIGHT_OFF_SPEC
EVT0014,2026-01-10 22:19:05+00:00,BASIS_WEIGHT_OFF_SPEC
EVT0014,2026-01-10 22:19:30+00:00,BASIS_WEIGHT_OFF_SPEC
EVT0014,2026-01-10 22:19:55+00:00,BASIS_WEIGHT_OFF_SPEC
EVT0014,2026-01-10 22:20:20+00:00,BASIS_WEIGHT_OFF_SPEC
EVT0014,2026-01-10 22:20:45+00:00,BASIS_WEIGHT_OFF_SPEC
EVT0014,2026-01-10 22:21:10+00:00,BASIS_WEIGHT_OFF_SPEC
EVT0014,2026-01-10 22:21:35+00:00,BASIS_WEIGHT_OFF_SPEC
EVT0016,2026-01-11 19:04:05+00:00,BASIS_WEIGHT_OFF_SPEC
EVT0016,2026-01-11 19:04:30+00:00,BASIS_WEIGHT_OFF_SPEC
EVT0016,2026-01-11 19:04:55+00:00,BASIS_WEIGHT_OFF_SPEC
EVT0016,2026-01-11 19:05:20+00:00,BASIS_WEIGHT_OFF_SPEC
EVT0017,2026-01-12 02:03:00+00:00,ACTUATOR_STUCK:stock_flow
EVT0017,2026-01-12 02:07:15+00:00,BASIS_WEIGHT_OFF_SPEC
EVT0017,2026-01-12 02:07:40+00:00,BASIS_WEIGHT_OFF_SPEC
EVT0017,2026-01-12 02:08:05+00:00,BASIS_WEIGHT_OFF_SPEC
EVT0017,2026-01-12 02:08:30+00:00,BASIS_WEIGHT_OFF_SPEC
EVT0017,2026-01-12 02:08:55+00:00,BASIS_WEIGHT_OFF_SPEC
EVT0017,2026-01-12 02:09:20+00:00,BASIS_WEIGHT_OFF_SPEC
EVT0017,2026-01-12 02:09:45+00:00,BASIS_WEIGHT_OFF_SPEC
EVT0017,2026-01-12 02:10:10+00:00,BASIS_WEIGHT_OFF_SPEC
EVT0017,2026-01-12 02:10:35+00:00,BASIS_WEIGHT_OFF_SPEC
EVT0017,2026-01-12 02:11:00+00:00,BASIS_WEIGHT_OFF_SPEC
EVT0017,2026-01-12 02:11:25+00:00,BASIS_WEIGHT_OFF_SPEC
EVT0017,2026-01-12 02:11:50+00:00,BASIS_WEIGHT_OFF_SPEC
EVT0017,2026-01-12 02:12:15+00:00,BASIS_WEIGHT_OFF_SPEC
EVT0017,2026-01-12 02:12:40+00:00,BASIS_WEIGHT_OFF_SPEC
EVT0017,2026-01-12 02:13:05+00:00,BASIS_WEIGHT_OFF_SPEC
EVT0017,2026-01-12 02:13:30+00:00,BASIS_WEIGHT_OFF_SPEC
EVT0017,2026-01-12 02:13:55+00:00,BASIS_WEIGHT_OFF_SPEC
EVT0017,2026-01-12 02:14:20+00:00,BASIS_WEIGHT_OFF_SPEC
EVT0017,2026-01-12 02:14:45+00:00,BASIS_WEIGHT_OFF_SPEC
EVT0017,2026-01-12 02:15:10+00:00,BASIS_WEIGHT_OFF_SPEC
EVT0017,2026-01-12 02:15:35+00:00,BASIS_WEIGHT_OFF_SPEC
EVT0017,2026-01-12 02:16:00+00:00,BASIS_WEIGHT_OFF_SPEC
EVT0017,2026-01-12 02:16:25+00:00,BASIS_WEIGHT_OFF_SPEC
EVT0017,2026-01-12 02:16:50+00:00,BASIS_WEIGHT_OFF_SPEC
EVT0017,2026-01-12 02:17:15+00:00,BASIS_WEIGHT_OFF_SPEC
EVT0017,2026-01-12 02:17:40+00:00,BASIS_WEIGHT_OFF_SPEC
EVT0017,2026-01-12 02:18:05+00:00,BASIS_WEIGHT_OFF_SPEC
EVT0017,2026-01-12 02:18:30+00:00,BASIS_WEIGHT_OFF_SPEC
EVT0017,2026-01-12 02:18:55+00:00,BASIS_WEIGHT_OFF_SPEC
EVT0017,2026-01-12 02:19:20+00:00,BASIS_WEIGHT_OFF_SPEC
EVT0017,2026-01-12 02:19:45+00:00,BASIS_WEIGHT_OFF_SPEC
EVT0017,2026-01-12 02:20:10+00:00,BASIS_WEIGHT_OFF_SPEC
EVT0017,2026-01-12 02:20:35+00:00,BASIS_WEIGHT_OFF_SPEC
EVT0017,2026-01-12 02:21:00+00:00,BASIS_WEIGHT_OFF_SPEC
EVT0017,2026-01-12 02:21:25+00:00,BASIS_WEIGHT_OFF_SPEC
EVT0017,2026-01-12 02:21:50+00:00,BASIS_WEIGHT_OFF_SPEC
EVT0018,2026-01-12 16:05:25+00:00,SHEET_BREAK
EVT0018,2026-01-12 16:04:45+00:00,BASIS_WEIGHT_OFF_SPEC
EVT0018,2026-01-12 16:06:50+00:00,BASIS_WEIGHT_OFF_SPEC
EVT0018,2026-01-12 16:07:15+00:00,BASIS_WEIGHT_OFF_SPEC
EVT0018,2026-01-12 16:07:40+00:00,BASIS_WEIGHT_OFF_SPEC
EVT0018,2026-01-12 16:08:05+00:00,BASIS_WEIGHT_OFF_SPEC
EVT0018,2026-01-12 16:08:30+00:00,BASIS_WEIGHT_OFF_SPEC
EVT0018,2026-01-12 16:08:55+00:00,BASIS_WEIGHT_OFF_SPEC
EVT0018,2026-01-12 16:09:20+00:00,BASIS_WEIGHT_OFF_SPEC
EVT0018,2026-01-12 16:09:45+00:00,BASIS_WEIGHT_OFF_SPEC
EVT0018,2026-01-12 16:10:10+00:00,BASIS_WEIGHT_OFF_SPEC
EVT0018,2026-01-12 16:10:35+00:00,BASIS_WEIGHT_OFF_SPEC
EVT0018,2026-01-12 16:11:00+00:00,BASIS_WEIGHT_OFF_SPEC
EVT0018,2026-01-12 16:11:25+00:00,BASIS_WEIGHT_OFF_SPEC
EVT0018,2026-01-12 16:11:50+00:00,BASIS_WEIGHT_OFF_SPEC
EVT0018,2026-01-12 16:12:15+00:00,BASIS_WEIGHT_OFF_SPEC
EVT0018,2026-01-12 16:12:40+00:00,BASIS_WEIGHT_OFF_SPEC
EVT0018,2026-01-12 16:13:05+00:00,BASIS_WEIGHT_OFF_SPEC
EVT0018,2026-01-12 16:13:30+00:00,BASIS_WEIGHT_OFF_SPEC
EVT0018,2026-01-12 16:13:55+00:00,BASIS_WEIGHT_OFF_SPEC
EVT0018,2026-01-12 16:14:20+00:00,BASIS_WEIGHT_OFF_SPEC
EVT0018,2026-01-12 16:14:45+00:00,BASIS_WEIGHT_OFF_SPEC
EVT0018,2026-01-12 16:15:10+00:00,BASIS_WEIGHT_OFF_SPEC
EVT0018,2026-01-12 16:15:35+00:00,BASIS_WEIGHT_OFF_SPEC
EVT0018,2026-01-12 16:16:00+00:00,BASIS_WEIGHT_OFF_SPEC
EVT0018,2026-01-12 16:16:25+00:00,BASIS_WEIGHT_OFF_SPEC
EVT0018,2026-01-12 16:16:50+00:00,BASIS_WEIGHT_OFF_SPEC
EVT0018,2026-01-12 16:17:15+00:00,BASIS_WEIGHT_OFF_SPEC
EVT0018,2026-01-12 16:17:40+00:00,BASIS_WEIGHT_OFF_SPEC
EVT0018,2026-01-12 16:18:05+00:00,BASIS_WEIGHT_OFF_SPEC
EVT0018,2026-01-12 16:18:30+00:00,BASIS_WEIGHT_OFF_SPEC
EVT0018,2026-01-12 16:18:55+00:00,BASIS_WEIGHT_OFF_SPEC
EVT0018,2026-01-12 16:19:20+00:00,BASIS_WEIGHT_OFF_SPEC
EVT0018,2026-01-12 16:19:45+00:00,BASIS_WEIGHT_OFF_SPEC
EVT0018,2026-01-12 16:20:10+00:00,BASIS_WEIGHT_OFF_SPEC
EVT0018,2026-01-12 16:20:35+00:00,BASIS_WEIGHT_OFF_SPEC
EVT0018,2026-01-12 16:21:00+00:00,BASIS_WEIGHT_OFF_SPEC
EVT0018,2026-01-12 16:21:25+00:00,BASIS_WEIGHT_OFF_SPEC
EVT0018,2026-01-12 16:21:50+00:00,BASIS_WEIGHT_OFF_SPEC
EVT0020,2026-01-13 10:03:50+00:00,RETENTION_UPSET
EVT0020,2026-01-13 10:04:25+00:00,BASIS_WEIGHT_OFF_SPEC
EVT0020,2026-01-13 10:04:50+00:00,BASIS_WEIGHT_OFF_SPEC
EVT0020,2026-01-13 10:05:15+00:00,BASIS_WEIGHT_OFF_SPEC
EVT0020,2026-01-13 10:05:40+00:00,BASIS_WEIGHT_OFF_SPEC
EVT0020,2026-01-13 10:06:05+00:00,BASIS_WEIGHT_OFF_SPEC
EVT0020,2026-01-13 10:06:30+00:00,BASIS_WEIGHT_OFF_SPEC
EVT0020,2026-01-13 10:06:55+00:00,BASIS_WEIGHT_OFF_SPEC
EVT0020,2026-01-13 10:07:20+00:00,BASIS_WEIGHT_OFF_SPEC
EVT0020,2026-01-13 10:07:45+00:00,BASIS_WEIGHT_OFF_SPEC
EVT0020,2026-01-13 10:08:10+00:00,BASIS_WEIGHT_OFF_SPEC
EVT0020,2026-01-13 10:08:35+00:00,BASIS_WEIGHT_OFF_SPEC
EVT0020,2026-01-13 10:09:00+00:00,BASIS_WEIGHT_OFF_SPEC
EVT0020,2026-01-13 10:09:25+00:00,BASIS_WEIGHT_OFF_SPEC
EVT0020,2026-01-13 10:09:50+00:00,BASIS_WEIGHT_OFF_SPEC
EVT0020,2026-01-13 10:10:15+00:00,BASIS_WEIGHT_OFF_SPEC
EVT0020,2026-01-13 10:10:40+00:00,BASIS_WEIGHT_OFF_SPEC
EVT0021,2026-01-13 11:06:20+00:00,BASIS_WEIGHT_OFF_SPEC
EVT0021,2026-01-13 11:06:45+00:00,BASIS_WEIGHT_OFF_SPEC
EVT0021,2026-01-13 11:07:10+00:00,BASIS_WEIGHT_OFF_SPEC
EVT0021,2026-01-13 11:07:35+00:00,BASIS_WEIGHT_OFF_SPEC
EVT0021,2026-01-13 11:08:00+00:00,BASIS_WEIGHT_OFF_SPEC
EVT0021,2026-01-13 11:08:25+00:00,BASIS_WEIGHT_OFF_SPEC
EVT0021,2026-01-13 11:08:50+00:00,BASIS_WEIGHT_OFF_SPEC
EVT0021,2026-01-13 11:09:15+00:00,BASIS_WEIGHT_OFF_SPEC
EVT0021,2026-01-13 11:09:40+00:00,BASIS_WEIGHT_OFF_SPEC
EVT0021,2026-01-13 11:10:05+00:00,BASIS_WEIGHT_OFF_SPEC
EVT0021,2026-01-13 11:10:30+00:00,BASIS_WEIGHT_OFF_SPEC
EVT0021,2026-01-13 11:10:55+00:00,BASIS_WEIGHT_OFF_SPEC
EVT0022,2026-01-13 16:04:15+00:00,BASIS_WEIGHT_OFF_SPEC
EVT0022,2026-01-13 16:04:40+00:00,BASIS_WEIGHT_OFF_SPEC
EVT0022,2026-01-13 16:05:05+00:00,BASIS_WEIGHT_OFF_SPEC
EVT0023,2026-01-14 15:04:15+00:00,BASIS_WEIGHT_OFF_SPEC
EVT0024,2026-01-14 10:00:10+00:00,BASIS_WEIGHT_OFF_SPEC
EVT0024,2026-01-14 10:06:30+00:00,BASIS_WEIGHT_OFF_SPEC
EVT0024,2026-01-14 10:07:15+00:00,BASIS_WEIGHT_OFF_SPEC
EVT0024,2026-01-14 10:07:40+00:00,BASIS_WEIGHT_OFF_SPEC
EVT0024,2026-01-14 10:08:05+00:00,BASIS_WEIGHT_OFF_SPEC
EVT0024,2026-01-14 10:08:30+00:00,BASIS_WEIGHT_OFF_SPEC
EVT0024,2026-01-14 10:08:55+00:00,BASIS_WEIGHT_OFF_SPEC
EVT0024,2026-01-14 10:09:20+00:00,BASIS_WEIGHT_OFF_SPEC
EVT0024,2026-01-14 10:09:45+00:00,BASIS_WEIGHT_OFF_SPEC
EVT0024,2026-01-14 10:10:10+00:00,BASIS_WEIGHT_OFF_SPEC
EVT0024,2026-01-14 10:10:35+00:00,BASIS_WEIGHT_OFF_SPEC
EVT0024,2026-01-14 10:11:00+00:00,BASIS_WEIGHT_OFF_SPEC
EVT0025,2026-01-15 00:10:00+00:00,SHEET_BREAK
EVT0025,2026-01-15 00:11:10+00:00,BASIS_WEIGHT_OFF_SPEC
EVT0025,2026-01-15 00:11:35+00:00,BASIS_WEIGHT_OFF_SPEC
EVT0025,2026-01-15 00:12:00+00:00,BASIS_WEIGHT_OFF_SPEC
EVT0025,2026-01-15 00:12:25+00:00,BASIS_WEIGHT_OFF_SPEC
EVT0025,2026-01-15 00:12:50+00:00,BASIS_WEIGHT_OFF_SPEC
EVT0025,2026-01-15 00:13:15+00:00,BASIS_WEIGHT_OFF_SPEC
EVT0025,2026-01-15 00:13:40+00:00,BASIS_WEIGHT_OFF_SPEC
EVT0025,2026-01-15 00:14:05+00:00,BASIS_WEIGHT_OFF_SPEC
EVT0025,2026-01-15 00:14:30+00:00,BASIS_WEIGHT_OFF_SPEC
EVT0025,2026-01-15 00:14:55+00:00,BASIS_WEIGHT_OFF_SPEC
EVT0025,2026-01-15 00:15:20+00:00,BASIS_WEIGHT_OFF_SPEC
EVT0025,2026-01-15 00:15:45+00:00,BASIS_WEIGHT_OFF_SPEC
EVT0025,2026-01-15 00:16:10+00:00,BASIS_WEIGHT_OFF_SPEC
EVT0025,2026-01-15 00:16:35+00:00,BASIS_WEIGHT_OFF_SPEC
EVT0025,2026-01-15 00:17:00+00:00,BASIS_WEIGHT_OFF_SPEC
EVT0025,2026-01-15 00:17:25+00:00,BASIS_WEIGHT_OFF_SPEC
EVT0025,2026-01-15 00:17:50+00:00,BASIS_WEIGHT_OFF_SPEC
EVT0025,2026-01-15 00:18:15+00:00,BASIS_WEIGHT_OFF_SPEC
EVT0025,2026-01-15 00:18:40+00:00,BASIS_WEIGHT_OFF_SPEC
EVT0025,2026-01-15 00:19:05+00:00,BASIS_WEIGHT_OFF_SPEC
EVT0025,2026-01-15 00:19:30+00:00,BASIS_WEIGHT_OFF_SPEC
EVT0025,2026-01-15 00:19:55+00:00,BASIS_WEIGHT_OFF_SPEC
EVT0025,2026-01-15 00:20:20+00:00,BASIS_WEIGHT_OFF_SPEC
EVT0025,2026-01-15 00:20:45+00:00,BASIS_WEIGHT_OFF_SPEC
EVT0025,2026-01-15 00:21:10+00:00,BASIS_WEIGHT_OFF_SPEC
EVT0025,2026-01-15 00:21:35+00:00,BASIS_WEIGHT_OFF_SPEC
EVT0026,2026-01-15 04:03:50+00:00,RETENTION_UPSET
EVT0026,2026-01-15 04:04:30+00:00,BASIS_WEIGHT_OFF_SPEC
EVT0026,2026-01-15 04:04:55+00:00,BASIS_WEIGHT_OFF_SPEC
EVT0026,2026-01-15 04:05:20+00:00,BASIS_WEIGHT_OFF_SPEC
EVT0026,2026-01-15 04:05:45+00:00,BASIS_WEIGHT_OFF_SPEC
EVT0026,2026-01-15 04:06:10+00:00,BASIS_WEIGHT_OFF_SPEC
EVT0026,2026-01-15 04:06:35+00:00,BASIS_WEIGHT_OFF_SPEC
EVT0026,2026-01-15 04:07:00+00:00,BASIS_WEIGHT_OFF_SPEC
EVT0026,2026-01-15 04:07:25+00:00,BASIS_WEIGHT_OFF_SPEC
EVT0026,2026-01-15 04:07:50+00:00,BASIS_WEIGHT_OFF_SPEC
EVT0026,2026-01-15 04:08:15+00:00,BASIS_WEIGHT_OFF_SPEC
EVT0026,2026-01-15 04:08:40+00:00,BASIS_WEIGHT_OFF_SPEC
EVT0026,2026-01-15 04:09:05+00:00,BASIS_WEIGHT_OFF_SPEC
EVT0026,2026-01-15 04:09:30+00:00,BASIS_WEIGHT_OFF_SPEC
EVT0027,2026-01-15 14:03:55+00:00,BASIS_WEIGHT_OFF_SPEC
EVT0027,2026-01-15 14:04:20+00:00,BASIS_WEIGHT_OFF_SPEC
EVT0027,2026-01-15 14:04:45+00:00,BASIS_WEIGHT_OFF_SPEC
EVT0027,2026-01-15 14:07:45+00:00,BASIS_WEIGHT_OFF_SPEC
EVT0027,2026-01-15 14:08:10+00:00,BASIS_WEIGHT_OFF_SPEC
EVT0027,2026-01-15 14:08:35+00:00,BASIS_WEIGHT_OFF_SPEC
EVT0027,2026-01-15 14:09:00+00:00,BASIS_WEIGHT_OFF_SPEC
EVT0027,2026-01-15 14:09:25+00:00,BASIS_WEIGHT_OFF_SPEC
EVT0027,2026-01-15 14:09:50+00:00,BASIS_WEIGHT_OFF_SPEC
EVT0028,2026-01-16 03:03:55+00:00,BASIS_WEIGHT_OFF_SPEC
EVT0028,2026-01-16 03:04:20+00:00,BASIS_WEIGHT_OFF_SPEC
EVT0028,2026-01-16 03:04:45+00:00,BASIS_WEIGHT_OFF_SPEC
EVT0028,2026-01-16 03:05:10+00:00,BASIS_WEIGHT_OFF_SPEC
EVT0028,2026-01-16 03:05:35+00:00,BASIS_WEIGHT_OFF_SPEC
EVT0029,2026-01-16 10:03:00+00:00,STEAM_HEADER_SATURATED
EVT0031,2026-01-17 12:06:35+00:00,BASIS_WEIGHT_OFF_SPEC
EVT0031,2026-01-17 12:07:00+00:00,BASIS_WEIGHT_OFF_SPEC
EVT0031,2026-01-17 12:07:25+00:00,BASIS_WEIGHT_OFF_SPEC
EVT0031,2026-01-17 12:07:50+00:00,BASIS_WEIGHT_OFF_SPEC
EVT0031,2026-01-17 12:08:15+00:00,BASIS_WEIGHT_OFF_SPEC
EVT0031,2026-01-17 12:08:40+00:00,BASIS_WEIGHT_OFF_SPEC
EVT0031,2026-01-17 12:09:05+00:00,BASIS_WEIGHT_OFF_SPEC
EVT0031,2026-01-17 12:09:30+00:00,BASIS_WEIGHT_OFF_SPEC
EVT0031,2026-01-17 12:09:55+00:00,BASIS_WEIGHT_OFF_SPEC
EVT0031,2026-01-17 12:10:20+00:00,BASIS_WEIGHT_OFF_SPEC
EVT0031,2026-01-17 12:10:45+00:00,BASIS_WEIGHT_OFF_SPEC
EVT0032,2026-01-17 16:06:35+00:00,CONSISTENCY_UPSET
EVT0032,2026-01-17 16:07:10+00:00,BASIS_WEIGHT_OFF_SPEC
EVT0032,2026-01-17 16:07:35+00:00,BASIS_WEIGHT_OFF_SPEC
EVT0032,2026-01-17 16:08:00+00:00,BASIS_WEIGHT_OFF_SPEC
EVT0032,2026-01-17 16:08:25+00:00,BASIS_WEIGHT_OFF_SPEC
EVT0032,2026-01-17 16:08:50+00:00,BASIS_WEIGHT_OFF_SPEC
EVT0033,2026-01-18 07:04:40+00:00,BASIS_WEIGHT_OFF_SPEC
EVT0033,2026-01-18 07:09:05+00:00,BASIS_WEIGHT_OFF_SPEC
EVT0033,2026-01-18 07:09:30+00:00,BASIS_WEIGHT_OFF_SPEC
EVT0035,2026-01-18 21:03:50+00:00,RETENTION_UPSET
EVT0035,2026-01-18 21:04:25+00:00,BASIS_WEIGHT_OFF_SPEC
EVT0035,2026-01-18 21:04:50+00:00,BASIS_WEIGHT_OFF_SPEC
EVT0035,2026-01-18 21:05:15+00:00,BASIS_WEIGHT_OFF_SPEC
EVT0035,2026-01-18 21:05:40+00:00,BASIS_WEIGHT_OFF_SPEC
EVT0035,2026-01-18 21:06:05+00:00,BASIS_WEIGHT_OFF_SPEC
EVT0035,2026-01-18 21:06:30+00:00,BASIS_WEIGHT_OFF_SPEC
EVT0035,2026-01-18 21:06:55+00:00,BASIS_WEIGHT_OFF_SPEC
EVT0035,2026-01-18 21:07:20+00:00,BASIS_WEIGHT_OFF_SPEC
EVT0035,2026-01-18 21:07:45+00:00,BASIS_WEIGHT_OFF_SPEC
EVT0035,2026-01-18 21:08:10+00:00,BASIS_WEIGHT_OFF_SPEC
EVT0035,2026-01-18 21:08:35+00:00,BASIS_WEIGHT_OFF_SPEC
EVT0035,2026-01-18 21:09:00+00:00,BASIS_WEIGHT_OFF_SPEC
EVT0035,2026-01-18 21:09:25+00:00,BASIS_WEIGHT_OFF_SPEC
EVT0035,2026-01-18 21:09:50+00:00,BASIS_WEIGHT_OFF_SPEC
EVT0035,2026-01-18 21:10:15+00:00,BASIS_WEIGHT_OFF_SPEC
EVT0035,2026-01-18 21:10:40+00:00,BASIS_WEIGHT_OFF_SPEC
EVT0036,2026-01-19 09:06:05+00:00,BASIS_WEIGHT_OFF_SPEC
EVT0036,2026-01-19 09:06:30+00:00,BASIS_WEIGHT_OFF_SPEC
EVT0036,2026-01-19 09:06:55+00:00,BASIS_WEIGHT_OFF_SPEC
EVT0036,2026-01-19 09:07:20+00:00,BASIS_WEIGHT_OFF_SPEC
EVT0036,2026-01-19 09:07:45+00:00,BASIS_WEIGHT_OFF_SPEC
EVT0036,2026-01-19 09:08:10+00:00,BASIS_WEIGHT_OFF_SPEC
EVT0036,2026-01-19 09:08:35+00:00,BASIS_WEIGHT_OFF_SPEC
EVT0036,2026-01-19 09:09:00+00:00,BASIS_WEIGHT_OFF_SPEC
EVT0036,2026-01-19 09:09:25+00:00,BASIS_WEIGHT_OFF_SPEC
EVT0036,2026-01-19 09:09:50+00:00,BASIS_WEIGHT_OFF_SPEC
EVT0036,2026-01-19 09:10:15+00:00,BASIS_WEIGHT_OFF_SPEC
EVT0036,2026-01-19 09:10:40+00:00,BASIS_WEIGHT_OFF_SPEC
EVT0036,2026-01-19 09:11:05+00:00,BASIS_WEIGHT_OFF_SPEC
EVT0036,2026-01-19 09:11:30+00:00,BASIS_WEIGHT_OFF_SPEC
EVT0036,2026-01-19 09:11:55+00:00,BASIS_WEIGHT_OFF_SPEC
EVT0036,2026-01-19 09:12:20+00:00,BASIS_WEIGHT_OFF_SPEC
EVT0036,2026-01-19 09:12:45+00:00,BASIS_WEIGHT_OFF_SPEC
EVT0037,2026-01-19 17:03:50+00:00,RETENTION_UPSET
EVT0037,2026-01-19 17:04:10+00:00,BASIS_WEIGHT_OFF_SPEC
EVT0037,2026-01-19 17:04:55+00:00,BASIS_WEIGHT_OFF_SPEC
EVT0037,2026-01-19 17:05:20+00:00,BASIS_WEIGHT_OFF_SPEC
EVT0037,2026-01-19 17:05:45+00:00,BASIS_WEIGHT_OFF_SPEC
EVT0037,2026-01-19 17:06:10+00:00,BASIS_WEIGHT_OFF_SPEC
EVT0037,2026-01-19 17:06:35+00:00,BASIS_WEIGHT_OFF_SPEC
EVT0037,2026-01-19 17:07:00+00:00,BASIS_WEIGHT_OFF_SPEC
EVT0037,2026-01-19 17:07:25+00:00,BASIS_WEIGHT_OFF_SPEC
EVT0037,2026-01-19 17:07:50+00:00,BASIS_WEIGHT_OFF_SPEC
EVT0037,2026-01-19 17:08:15+00:00,BASIS_WEIGHT_OFF_SPEC
EVT0037,2026-01-19 17:08:40+00:00,BASIS_WEIGHT_OFF_SPEC
EVT0037,2026-01-19 17:09:05+00:00,BASIS_WEIGHT_OFF_SPEC
EVT0037,2026-01-19 17:09:30+00:00,BASIS_WEIGHT_OFF_SPEC
EVT0037,2026-01-19 17:09:55+00:00,BASIS_WEIGHT_OFF_SPEC
EVT0040,2026-01-20 10:07:45+00:00,BASIS_WEIGHT_OFF_SPEC
EVT0040,2026-01-20 10:08:25+00:00,BASIS_WEIGHT_OFF_SPEC
EVT0040,2026-01-20 10:08:50+00:00,BASIS_WEIGHT_OFF_SPEC
EVT0040,2026-01-20 10:09:15+00:00,BASIS_WEIGHT_OFF_SPEC
EVT0040,2026-01-20 10:09:55+00:00,BASIS_WEIGHT_OFF_SPEC
EVT0040,2026-01-20 10:10:20+00:00,BASIS_WEIGHT_OFF_SPEC
EVT0041,2026-01-21 04:04:00+00:00,BASIS_WEIGHT_OFF_SPEC
EVT0041,2026-01-21 04:04:25+00:00,BASIS_WEIGHT_OFF_SPEC
EVT0041,2026-01-21 04:04:50+00:00,BASIS_WEIGHT_OFF_SPEC
EVT0041,2026-01-21 04:05:15+00:00,BASIS_WEIGHT_OFF_SPEC
EVT0042,2026-01-21 16:03:00+00:00,STEAM_HEADER_SATURATED
EVT0042,2026-01-21 16:04:00+00:00,BASIS_WEIGHT_OFF_SPEC
EVT0042,2026-01-21 16:04:25+00:00,BASIS_WEIGHT_OFF_SPEC
EVT0042,2026-01-21 16:04:50+00:00,BASIS_WEIGHT_OFF_SPEC
EVT0042,2026-01-21 16:05:15+00:00,BASIS_WEIGHT_OFF_SPEC
EVT0042,2026-01-21 16:05:40+00:00,BASIS_WEIGHT_OFF_SPEC
EVT0043,2026-01-22 04:11:30+00:00,CONSISTENCY_UPSET
EVT0043,2026-01-22 04:04:05+00:00,BASIS_WEIGHT_OFF_SPEC
EVT0043,2026-01-22 04:04:30+00:00,BASIS_WEIGHT_OFF_SPEC
EVT0043,2026-01-22 04:04:55+00:00,BASIS_WEIGHT_OFF_SPEC
EVT0043,2026-01-22 04:12:05+00:00,BASIS_WEIGHT_OFF_SPEC
EVT0043,2026-01-22 04:12:30+00:00,BASIS_WEIGHT_OFF_SPEC
EVT0043,2026-01-22 04:12:55+00:00,BASIS_WEIGHT_OFF_SPEC
EVT0043,2026-01-22 04:13:20+00:00,BASIS_WEIGHT_OFF_SPEC
EVT0043,2026-01-22 04:13:45+00:00,BASIS_WEIGHT_OFF_SPEC
EVT0043,2026-01-22 04:14:10+00:00,BASIS_WEIGHT_OFF_SPEC
EVT0043,2026-01-22 04:14:35+00:00,BASIS_WEIGHT_OFF_SPEC
EVT0044,2026-01-22 12:03:00+00:00,ACTUATOR_STUCK:machine_speed
EVT0046,2026-01-22 17:04:00+00:00,BASIS_WEIGHT_OFF_SPEC
EVT0046,2026-01-22 17:04:25+00:00,BASIS_WEIGHT_OFF_SPEC
EVT0046,2026-01-22 17:04:50+00:00,BASIS_WEIGHT_OFF_SPEC
EVT0046,2026-01-22 17:05:15+00:00,BASIS_WEIGHT_OFF_SPEC
EVT0046,2026-01-22 17:06:05+00:00,BASIS_WEIGHT_OFF_SPEC
EVT0047,2026-01-23 05:04:05+00:00,BASIS_WEIGHT_OFF_SPEC
EVT0047,2026-01-23 05:04:30+00:00,BASIS_WEIGHT_OFF_SPEC
EVT0047,2026-01-23 05:04:55+00:00,BASIS_WEIGHT_OFF_SPEC
EVT0047,2026-01-23 05:05:35+00:00,BASIS_WEIGHT_OFF_SPEC
EVT0049,2026-01-24 05:07:40+00:00,BASIS_WEIGHT_OFF_SPEC
EVT0049,2026-01-24 05:08:05+00:00,BASIS_WEIGHT_OFF_SPEC
EVT0049,2026-01-24 05:08:30+00:00,BASIS_WEIGHT_OFF_SPEC
EVT0049,2026-01-24 05:08:55+00:00,BASIS_WEIGHT_OFF_SPEC
EVT0049,2026-01-24 05:09:20+00:00,BASIS_WEIGHT_OFF_SPEC
EVT0049,2026-01-24 05:09:45+00:00,BASIS_WEIGHT_OFF_SPEC
EVT0049,2026-01-24 05:10:10+00:00,BASIS_WEIGHT_OFF_SPEC
EVT0049,2026-01-24 05:10:35+00:00,BASIS_WEIGHT_OFF_SPEC
EVT0050,2026-01-24 18:05:05+00:00,BASIS_WEIGHT_OFF_SPEC
EVT0050,2026-01-24 18:05:30+00:00,BASIS_WEIGHT_OFF_SPEC
EVT0050,2026-01-24 18:05:55+00:00,BASIS_WEIGHT_OFF_SPEC
EVT0050,2026-01-24 18:06:20+00:00,BASIS_WEIGHT_OFF_SPEC
EVT0050,2026-01-24 18:06:45+00:00,BASIS_WEIGHT_OFF_SPEC
EVT0050,2026-01-24 18:07:10+00:00,BASIS_WEIGHT_OFF_SPEC
EVT0050,2026-01-24 18:07:35+00:00,BASIS_WEIGHT_OFF_SPEC
EVT0050,2026-01-24 18:08:00+00:00,BASIS_WEIGHT_OFF_SPEC
EVT0050,2026-01-24 18:08:25+00:00,BASIS_WEIGHT_OFF_SPEC
EVT0050,2026-01-24 18:08:50+00:00,BASIS_WEIGHT_OFF_SPEC
EVT0050,2026-01-24 18:09:15+00:00,BASIS_WEIGHT_OFF_SPEC
EVT0050,2026-01-24 18:09:40+00:00,BASIS_WEIGHT_OFF_SPEC
EVT0050,2026-01-24 18:10:05+00:00,BASIS_WEIGHT_OFF_SPEC
EVT0050,2026-01-24 18:10:30+00:00,BASIS_WEIGHT_OFF_SPEC
EVT0050,2026-01-24 18:10:55+00:00,BASIS_WEIGHT_OFF_SPEC
EVT0050,2026-01-24 18:11:20+00:00,BASIS_WEIGHT_OFF_SPEC
EVT0050,2026-01-24 18:11:45+00:00,BASIS_WEIGHT_OFF_SPEC
EVT0054,2026-01-26 07:07:05+00:00,BASIS_WEIGHT_OFF_SPEC
EVT0054,2026-01-26 07:08:20+00:00,BASIS_WEIGHT_OFF_SPEC
EVT0054,2026-01-26 07:08:45+00:00,BASIS_WEIGHT_OFF_SPEC
EVT0054,2026-01-26 07:09:10+00:00,BASIS_WEIGHT_OFF_SPEC
EVT0054,2026-01-26 07:09:50+00:00,BASIS_WEIGHT_OFF_SPEC
EVT0055,2026-01-26 05:04:00+00:00,BASIS_WEIGHT_OFF_SPEC
EVT0055,2026-01-26 05:04:25+00:00,BASIS_WEIGHT_OFF_SPEC
EVT0055,2026-01-26 05:04:50+00:00,BASIS_WEIGHT_OFF_SPEC
EVT0055,2026-01-26 05:05:15+00:00,BASIS_WEIGHT_OFF_SPEC
EVT0055,2026-01-26 05:05:40+00:00,BASIS_WEIGHT_OFF_SPEC
EVT0055,2026-01-26 05:06:20+00:00,BASIS_WEIGHT_OFF_SPEC
EVT0056,2026-01-26 10:03:00+00:00,STEAM_HEADER_SATURATED
EVT0056,2026-01-26 10:07:35+00:00,BASIS_WEIGHT_OFF_SPEC
EVT0056,2026-01-26 10:08:00+00:00,BASIS_WEIGHT_OFF_SPEC
EVT0056,2026-01-26 10:08:25+00:00,BASIS_WEIGHT_OFF_SPEC
EVT0056,2026-01-26 10:08:50+00:00,BASIS_WEIGHT_OFF_SPEC
EVT0056,2026-01-26 10:09:15+00:00,BASIS_WEIGHT_OFF_SPEC
EVT0056,2026-01-26 10:09:40+00:00,BASIS_WEIGHT_OFF_SPEC
EVT0056,2026-01-26 10:10:05+00:00,BASIS_WEIGHT_OFF_SPEC
EVT0056,2026-01-26 10:10:30+00:00,BASIS_WEIGHT_OFF_SPEC
EVT0056,2026-01-26 10:10:55+00:00,BASIS_WEIGHT_OFF_SPEC
EVT0057,2026-01-26 20:03:55+00:00,BASIS_WEIGHT_OFF_SPEC
EVT0057,2026-01-26 20:04:20+00:00,BASIS_WEIGHT_OFF_SPEC
EVT0057,2026-01-26 20:04:45+00:00,BASIS_WEIGHT_OFF_SPEC
EVT0058,2026-01-27 18:12:55+00:00,CONSISTENCY_UPSET
EVT0058,2026-01-27 18:08:25+00:00,BASIS_WEIGHT_OFF_SPEC
EVT0058,2026-01-27 18:09:05+00:00,BASIS_WEIGHT_OFF_SPEC
EVT0058,2026-01-27 18:09:30+00:00,BASIS_WEIGHT_OFF_SPEC
EVT0058,2026-01-27 18:09:55+00:00,BASIS_WEIGHT_OFF_SPEC
EVT0058,2026-01-27 18:10:35+00:00,BASIS_WEIGHT_OFF_SPEC
EVT0058,2026-01-27 18:13:35+00:00,BASIS_WEIGHT_OFF_SPEC
EVT0058,2026-01-27 18:14:00+00:00,BASIS_WEIGHT_OFF_SPEC
EVT0058,2026-01-27 18:14:25+00:00,BASIS_WEIGHT_OFF_SPEC
EVT0058,2026-01-27 18:14:50+00:00,BASIS_WEIGHT_OFF_SPEC
EVT0058,2026-01-27 18:15:15+00:00,BASIS_WEIGHT_OFF_SPEC
EVT0058,2026-01-27 18:15:40+00:00,BASIS_WEIGHT_OFF_SPEC
EVT0058,2026-01-27 18:16:05+00:00,BASIS_WEIGHT_OFF_SPEC
EVT0058,2026-01-27 18:16:30+00:00,BASIS_WEIGHT_OFF_SPEC
EVT0058,2026-01-27 18:16:55+00:00,BASIS_WEIGHT_OFF_SPEC
EVT0058,2026-01-27 18:17:20+00:00,BASIS_WEIGHT_OFF_SPEC
EVT0058,2026-01-27 18:17:45+00:00,BASIS_WEIGHT_OFF_SPEC
EVT0060,2026-01-28 10:08:20+00:00,BASIS_WEIGHT_OFF_SPEC
EVT0060,2026-01-28 10:09:00+00:00,BASIS_WEIGHT_OFF_SPEC
EVT0060,2026-01-28 10:09:25+00:00,BASIS_WEIGHT_OFF_SPEC
EVT0060,2026-01-28 10:09:50+00:00,BASIS_WEIGHT_OFF_SPEC
EVT0060,2026-01-28 10:10:15+00:00,BASIS_WEIGHT_OFF_SPEC
EVT0060,2026-01-28 10:10:40+00:00,BASIS_WEIGHT_OFF_SPEC
EVT0061,2026-01-28 15:03:00+00:00,ACTUATOR_STUCK:stock_flow
EVT0061,2026-01-28 15:03:55+00:00,BASIS_WEIGHT_OFF_SPEC
EVT0061,2026-01-28 15:04:20+00:00,BASIS_WEIGHT_OFF_SPEC
EVT0061,2026-01-28 15:04:45+00:00,BASIS_WEIGHT_OFF_SPEC
EVT0061,2026-01-28 15:05:10+00:00,BASIS_WEIGHT_OFF_SPEC
EVT0061,2026-01-28 15:07:20+00:00,BASIS_WEIGHT_OFF_SPEC
EVT0061,2026-01-28 15:07:45+00:00,BASIS_WEIGHT_OFF_SPEC
EVT0061,2026-01-28 15:08:10+00:00,BASIS_WEIGHT_OFF_SPEC
EVT0061,2026-01-28 15:08:35+00:00,BASIS_WEIGHT_OFF_SPEC
EVT0061,2026-01-28 15:09:00+00:00,BASIS_WEIGHT_OFF_SPEC
EVT0061,2026-01-28 15:09:25+00:00,BASIS_WEIGHT_OFF_SPEC
EVT0061,2026-01-28 15:09:50+00:00,BASIS_WEIGHT_OFF_SPEC
EVT0061,2026-01-28 15:10:15+00:00,BASIS_WEIGHT_OFF_SPEC
EVT0061,2026-01-28 15:10:40+00:00,BASIS_WEIGHT_OFF_SPEC
EVT0061,2026-01-28 15:11:05+00:00,BASIS_WEIGHT_OFF_SPEC
EVT0061,2026-01-28 15:11:30+00:00,BASIS_WEIGHT_OFF_SPEC
EVT0061,2026-01-28 15:11:55+00:00,BASIS_WEIGHT_OFF_SPEC
EVT0061,2026-01-28 15:12:20+00:00,BASIS_WEIGHT_OFF_SPEC
EVT0061,2026-01-28 15:12:45+00:00,BASIS_WEIGHT_OFF_SPEC
EVT0061,2026-01-28 15:13:10+00:00,BASIS_WEIGHT_OFF_SPEC
EVT0061,2026-01-28 15:13:35+00:00,BASIS_WEIGHT_OFF_SPEC
EVT0061,2026-01-28 15:14:00+00:00,BASIS_WEIGHT_OFF_SPEC
EVT0061,2026-01-28 15:14:25+00:00,BASIS_WEIGHT_OFF_SPEC
EVT0061,2026-01-28 15:14:50+00:00,BASIS_WEIGHT_OFF_SPEC
EVT0061,2026-01-28 15:15:15+00:00,BASIS_WEIGHT_OFF_SPEC
EVT0061,2026-01-28 15:15:40+00:00,BASIS_WEIGHT_OFF_SPEC
EVT0061,2026-01-28 15:16:05+00:00,BASIS_WEIGHT_OFF_SPEC
EVT0061,2026-01-28 15:16:30+00:00,BASIS_WEIGHT_OFF_SPEC
EVT0061,2026-01-28 15:16:55+00:00,BASIS_WEIGHT_OFF_SPEC
EVT0061,2026-01-28 15:17:20+00:00,BASIS_WEIGHT_OFF_SPEC
EVT0061,2026-01-28 15:17:45+00:00,BASIS_WEIGHT_OFF_SPEC
EVT0061,2026-01-28 15:18:10+00:00,BASIS_WEIGHT_OFF_SPEC
EVT0061,2026-01-28 15:18:35+00:00,BASIS_WEIGHT_OFF_SPEC
EVT0061,2026-01-28 15:19:00+00:00,BASIS_WEIGHT_OFF_SPEC
EVT0061,2026-01-28 15:19:25+00:00,BASIS_WEIGHT_OFF_SPEC
EVT0061,2026-01-28 15:19:50+00:00,BASIS_WEIGHT_OFF_SPEC
EVT0061,2026-01-28 15:20:15+00:00,BASIS_WEIGHT_OFF_SPEC
EVT0061,2026-01-28 15:20:40+00:00,BASIS_WEIGHT_OFF_SPEC
EVT0061,2026-01-28 15:21:05+00:00,BASIS_WEIGHT_OFF_SPEC
EVT0061,2026-01-28 15:21:30+00:00,BASIS_WEIGHT_OFF_SPEC
EVT0061,2026-01-28 15:21:55+00:00,BASIS_WEIGHT_OFF_SPEC
EVT0063,2026-01-29 15:03:00+00:00,ACTUATOR_STUCK:filler_flow
EVT0063,2026-01-29 15:04:00+00:00,BASIS_WEIGHT_OFF_SPEC
EVT0063,2026-01-29 15:04:25+00:00,BASIS_WEIGHT_OFF_SPEC
EVT0063,2026-01-29 15:04:50+00:00,BASIS_WEIGHT_OFF_SPEC
EVT0063,2026-01-29 15:05:15+00:00,BASIS_WEIGHT_OFF_SPEC
EVT0064,2026-01-29 15:04:00+00:00,BASIS_WEIGHT_OFF_SPEC
EVT0064,2026-01-29 15:04:25+00:00,BASIS_WEIGHT_OFF_SPEC
EVT0064,2026-01-29 15:04:50+00:00,BASIS_WEIGHT_OFF_SPEC
EVT0064,2026-01-29 15:05:15+00:00,BASIS_WEIGHT_OFF_SPEC
EVT0064,2026-01-29 15:05:40+00:00,BASIS_WEIGHT_OFF_SPEC
EVT0065,2026-01-30 03:03:50+00:00,RETENTION_UPSET
EVT0065,2026-01-30 03:04:00+00:00,BASIS_WEIGHT_OFF_SPEC
EVT0065,2026-01-30 03:04:40+00:00,BASIS_WEIGHT_OFF_SPEC
EVT0065,2026-01-30 03:05:05+00:00,BASIS_WEIGHT_OFF_SPEC
EVT0065,2026-01-30 03:05:30+00:00,BASIS_WEIGHT_OFF_SPEC
EVT0065,2026-01-30 03:05:55+00:00,BASIS_WEIGHT_OFF_SPEC
EVT0065,2026-01-30 03:06:20+00:00,BASIS_WEIGHT_OFF_SPEC
EVT0065,2026-01-30 03:06:45+00:00,BASIS_WEIGHT_OFF_SPEC
EVT0065,2026-01-30 03:07:10+00:00,BASIS_WEIGHT_OFF_SPEC
EVT0065,2026-01-30 03:07:35+00:00,BASIS_WEIGHT_OFF_SPEC
EVT0065,2026-01-30 03:08:00+00:00,BASIS_WEIGHT_OFF_SPEC
EVT0065,2026-01-30 03:08:25+00:00,BASIS_WEIGHT_OFF_SPEC
EVT0065,2026-01-30 03:08:50+00:00,BASIS_WEIGHT_OFF_SPEC
EVT0065,2026-01-30 03:09:15+00:00,BASIS_WEIGHT_OFF_SPEC
EVT0065,2026-01-30 03:09:40+00:00,BASIS_WEIGHT_OFF_SPEC
EVT0065,2026-01-30 03:10:05+00:00,BASIS_WEIGHT_OFF_SPEC
EVT0066,2026-01-30 06:04:20+00:00,BASIS_WEIGHT_OFF_SPEC
EVT0066,2026-01-30 06:04:45+00:00,BASIS_WEIGHT_OFF_SPEC
EVT0066,2026-01-30 06:05:10+00:00,BASIS_WEIGHT_OFF_SPEC
EVT0066,2026-01-30 06:08:05+00:00,BASIS_WEIGHT_OFF_SPEC
EVT0066,2026-01-30 06:08:30+00:00,BASIS_WEIGHT_OFF_SPEC
EVT0066,2026-01-30 06:08:55+00:00,BASIS_WEIGHT_OFF_SPEC
EVT0066,2026-01-30 06:09:20+00:00,BASIS_WEIGHT_OFF_SPEC
EVT0066,2026-01-30 06:09:45+00:00,BASIS_WEIGHT_OFF_SPEC
EVT0066,2026-01-30 06:10:10+00:00,BASIS_WEIGHT_OFF_SPEC
EVT0066,2026-01-30 06:10:35+00:00,BASIS_WEIGHT_OFF_SPEC
EVT0066,2026-01-30 06:11:00+00:00,BASIS_WEIGHT_OFF_SPEC
EVT0067,2026-01-30 16:05:40+00:00,CONSISTENCY_UPSET
EVT0067,2026-01-30 16:06:15+00:00,BASIS_WEIGHT_OFF_SPEC
EVT0067,2026-01-30 16:06:40+00:00,BASIS_WEIGHT_OFF_SPEC
EVT0067,2026-01-30 16:07:05+00:00,BASIS_WEIGHT_OFF_SPEC
EVT0067,2026-01-30 16:07:30+00:00,BASIS_WEIGHT_OFF_SPEC
EVT0067,2026-01-30 16:07:55+00:00,BASIS_WEIGHT_OFF_SPEC
EVT0067,2026-01-30 16:08:20+00:00,BASIS_WEIGHT_OFF_SPEC
EVT0067,2026-01-30 16:08:45+00:00,BASIS_WEIGHT_OFF_SPEC
EVT0067,2026-01-30 16:09:10+00:00,BASIS_WEIGHT_OFF_SPEC
EVT0067,2026-01-30 16:09:35+00:00,BASIS_WEIGHT_OFF_SPEC
EVT0067,2026-01-30 16:10:15+00:00,BASIS_WEIGHT_OFF_SPEC
EVT0069,2026-01-31 21:04:00+00:00,BASIS_WEIGHT_OFF_SPEC
EVT0069,2026-01-31 21:04:25+00:00,BASIS_WEIGHT_OFF_SPEC
EVT0069,2026-01-31 21:04:50+00:00,BASIS_WEIGHT_OFF_SPEC
EVT0069,2026-01-31 21:05:15+00:00,BASIS_WEIGHT_OFF_SPEC
EVT0071,2026-02-01 09:08:25+00:00,SHEET_BREAK
EVT0071,2026-02-01 09:04:20+00:00,BASIS_WEIGHT_OFF_SPEC
EVT0071,2026-02-01 09:04:45+00:00,BASIS_WEIGHT_OFF_SPEC
EVT0071,2026-02-01 09:05:10+00:00,BASIS_WEIGHT_OFF_SPEC
EVT0071,2026-02-01 09:09:35+00:00,BASIS_WEIGHT_OFF_SPEC
EVT0071,2026-02-01 09:10:00+00:00,BASIS_WEIGHT_OFF_SPEC
EVT0071,2026-02-01 09:10:25+00:00,BASIS_WEIGHT_OFF_SPEC
EVT0071,2026-02-01 09:10:50+00:00,BASIS_WEIGHT_OFF_SPEC
EVT0071,2026-02-01 09:11:15+00:00,BASIS_WEIGHT_OFF_SPEC
EVT0071,2026-02-01 09:11:40+00:00,BASIS_WEIGHT_OFF_SPEC
EVT0071,2026-02-01 09:12:05+00:00,BASIS_WEIGHT_OFF_SPEC
EVT0071,2026-02-01 09:12:30+00:00,BASIS_WEIGHT_OFF_SPEC
EVT0071,2026-02-01 09:12:55+00:00,BASIS_WEIGHT_OFF_SPEC
EVT0071,2026-02-01 09:13:20+00:00,BASIS_WEIGHT_OFF_SPEC
EVT0071,2026-02-01 09:13:45+00:00,BASIS_WEIGHT_OFF_SPEC
EVT0071,2026-02-01 09:14:10+00:00,BASIS_WEIGHT_OFF_SPEC
EVT0071,2026-02-01 09:14:35+00:00,BASIS_WEIGHT_OFF_SPEC
EVT0071,2026-02-01 09:15:00+00:00,BASIS_WEIGHT_OFF_SPEC
EVT0071,2026-02-01 09:15:25+00:00,BASIS_WEIGHT_OFF_SPEC
EVT0071,2026-02-01 09:15:50+00:00,BASIS_WEIGHT_OFF_SPEC
EVT0071,2026-02-01 09:16:15+00:00,BASIS_WEIGHT_OFF_SPEC
EVT0071,2026-02-01 09:16:40+00:00,BASIS_WEIGHT_OFF_SPEC
EVT0071,2026-02-01 09:17:05+00:00,BASIS_WEIGHT_OFF_SPEC
EVT0071,2026-02-01 09:17:30+00:00,BASIS_WEIGHT_OFF_SPEC
EVT0071,2026-02-01 09:17:55+00:00,BASIS_WEIGHT_OFF_SPEC
EVT0071,2026-02-01 09:18:20+00:00,BASIS_WEIGHT_OFF_SPEC
EVT0071,2026-02-01 09:18:45+00:00,BASIS_WEIGHT_OFF_SPEC
EVT0071,2026-02-01 09:19:10+00:00,BASIS_WEIGHT_OFF_SPEC
EVT0071,2026-02-01 09:19:35+00:00,BASIS_WEIGHT_OFF_SPEC
EVT0071,2026-02-01 09:20:00+00:00,BASIS_WEIGHT_OFF_SPEC
EVT0071,2026-02-01 09:20:25+00:00,BASIS_WEIGHT_OFF_SPEC
EVT0071,2026-02-01 09:20:50+00:00,BASIS_WEIGHT_OFF_SPEC
EVT0071,2026-02-01 09:21:15+00:00,BASIS_WEIGHT_OFF_SPEC
EVT0071,2026-02-01 09:21:40+00:00,BASIS_WEIGHT_OFF_SPEC
EVT0075,2026-02-03 00:07:20+00:00,BASIS_WEIGHT_OFF_SPEC
EVT0075,2026-02-03 00:07:45+00:00,BASIS_WEIGHT_OFF_SPEC
EVT0075,2026-02-03 00:08:10+00:00,BASIS_WEIGHT_OFF_SPEC
EVT0075,2026-02-03 00:08:35+00:00,BASIS_WEIGHT_OFF_SPEC
EVT0075,2026-02-03 00:09:00+00:00,BASIS_WEIGHT_OFF_SPEC
EVT0075,2026-02-03 00:09:25+00:00,BASIS_WEIGHT_OFF_SPEC
EVT0075,2026-02-03 00:09:50+00:00,BASIS_WEIGHT_OFF_SPEC
EVT0075,2026-02-03 00:10:15+00:00,BASIS_WEIGHT_OFF_SPEC
EVT0075,2026-02-03 00:10:40+00:00,BASIS_WEIGHT_OFF_SPEC
EVT0075,2026-02-03 00:11:05+00:00,BASIS_WEIGHT_OFF_SPEC
EVT0076,2026-02-03 05:03:00+00:00,ACTUATOR_STUCK:machine_speed
EVT0076,2026-02-03 05:09:15+00:00,BASIS_WEIGHT_OFF_SPEC
EVT0077,2026-02-03 07:03:55+00:00,BASIS_WEIGHT_OFF_SPEC
EVT0077,2026-02-03 07:04:20+00:00,BASIS_WEIGHT_OFF_SPEC
EVT0077,2026-02-03 07:04:45+00:00,BASIS_WEIGHT_OFF_SPEC
EVT0077,2026-02-03 07:05:10+00:00,BASIS_WEIGHT_OFF_SPEC
EVT0077,2026-02-03 07:05:35+00:00,BASIS_WEIGHT_OFF_SPEC
EVT0077,2026-02-03 07:06:00+00:00,BASIS_WEIGHT_OFF_SPEC
EVT0077,2026-02-03 07:06:25+00:00,BASIS_WEIGHT_OFF_SPEC
EVT0078,2026-02-03 19:03:00+00:00,STEAM_HEADER_SATURATED
EVT0078,2026-02-03 19:07:05+00:00,BASIS_WEIGHT_OFF_SPEC
EVT0078,2026-02-03 19:07:30+00:00,BASIS_WEIGHT_OFF_SPEC
EVT0078,2026-02-03 19:07:55+00:00,BASIS_WEIGHT_OFF_SPEC
EVT0078,2026-02-03 19:08:20+00:00,BASIS_WEIGHT_OFF_SPEC
EVT0078,2026-02-03 19:08:45+00:00,BASIS_WEIGHT_OFF_SPEC
EVT0078,2026-02-03 19:09:10+00:00,BASIS_WEIGHT_OFF_SPEC
EVT0078,2026-02-03 19:09:50+00:00,BASIS_WEIGHT_OFF_SPEC
EVT0078,2026-02-03 19:10:15+00:00,BASIS_WEIGHT_OFF_SPEC
EVT0079,2026-02-04 06:04:00+00:00,BASIS_WEIGHT_OFF_SPEC
EVT0079,2026-02-04 06:04:25+00:00,BASIS_WEIGHT_OFF_SPEC
EVT0079,2026-02-04 06:04:50+00:00,BASIS_WEIGHT_OFF_SPEC
EVT0079,2026-02-04 06:05:15+00:00,BASIS_WEIGHT_OFF_SPEC
EVT0079,2026-02-04 06:05:40+00:00,BASIS_WEIGHT_OFF_SPEC
EVT0079,2026-02-04 06:06:05+00:00,BASIS_WEIGHT_OFF_SPEC
EVT0079,2026-02-04 06:09:25+00:00,BASIS_WEIGHT_OFF_SPEC
EVT0079,2026-02-04 06:09:50+00:00,BASIS_WEIGHT_OFF_SPEC
EVT0082,2026-02-05 05:07:50+00:00,BASIS_WEIGHT_OFF_SPEC
EVT0082,2026-02-05 05:08:15+00:00,BASIS_WEIGHT_OFF_SPEC
EVT0082,2026-02-05 05:08:55+00:00,BASIS_WEIGHT_OFF_SPEC
EVT0082,2026-02-05 05:09:20+00:00,BASIS_WEIGHT_OFF_SPEC
EVT0082,2026-02-05 05:09:45+00:00,BASIS_WEIGHT_OFF_SPEC
EVT0082,2026-02-05 05:10:25+00:00,BASIS_WEIGHT_OFF_SPEC
EVT0083,2026-02-06 03:06:15+00:00,BASIS_WEIGHT_OFF_SPEC
EVT0083,2026-02-06 03:06:40+00:00,BASIS_WEIGHT_OFF_SPEC
EVT0083,2026-02-06 03:07:05+00:00,BASIS_WEIGHT_OFF_SPEC
EVT0083,2026-02-06 03:07:30+00:00,BASIS_WEIGHT_OFF_SPEC
EVT0083,2026-02-06 03:07:55+00:00,BASIS_WEIGHT_OFF_SPEC
EVT0083,2026-02-06 03:08:20+00:00,BASIS_WEIGHT_OFF_SPEC
EVT0083,2026-02-06 03:08:45+00:00,BASIS_WEIGHT_OFF_SPEC
EVT0083,2026-02-06 03:09:10+00:00,BASIS_WEIGHT_OFF_SPEC
EVT0083,2026-02-06 03:09:35+00:00,BASIS_WEIGHT_OFF_SPEC
EVT0083,2026-02-06 03:10:00+00:00,BASIS_WEIGHT_OFF_SPEC
EVT0083,2026-02-06 03:10:25+00:00,BASIS_WEIGHT_OFF_SPEC
EVT0083,2026-02-06 03:10:50+00:00,BASIS_WEIGHT_OFF_SPEC
EVT0083,2026-02-06 03:11:15+00:00,BASIS_WEIGHT_OFF_SPEC
EVT0083,2026-02-06 03:11:40+00:00,BASIS_WEIGHT_OFF_SPEC
EVT0083,2026-02-06 03:12:05+00:00,BASIS_WEIGHT_OFF_SPEC
EVT0084,2026-02-06 04:08:00+00:00,BASIS_WEIGHT_OFF_SPEC
EVT0084,2026-02-06 04:09:00+00:00,BASIS_WEIGHT_OFF_SPEC
EVT0084,2026-02-06 04:09:40+00:00,BASIS_WEIGHT_OFF_SPEC
EVT0084,2026-02-06 04:10:05+00:00,BASIS_WEIGHT_OFF_SPEC
EVT0085,2026-02-06 20:03:55+00:00,BASIS_WEIGHT_OFF_SPEC
EVT0085,2026-02-06 20:04:20+00:00,BASIS_WEIGHT_OFF_SPEC
EVT0085,2026-02-06 20:04:45+00:00,BASIS_WEIGHT_OFF_SPEC
EVT0085,2026-02-06 20:05:10+00:00,BASIS_WEIGHT_OFF_SPEC
EVT0085,2026-02-06 20:05:35+00:00,BASIS_WEIGHT_OFF_SPEC
EVT0085,2026-02-06 20:06:00+00:00,BASIS_WEIGHT_OFF_SPEC
EVT0085,2026-02-06 20:06:25+00:00,BASIS_WEIGHT_OFF_SPEC
EVT0085,2026-02-06 20:10:10+00:00,BASIS_WEIGHT_OFF_SPEC
EVT0086,2026-02-07 05:00:10+00:00,BASIS_WEIGHT_OFF_SPEC
EVT0087,2026-02-07 16:03:50+00:00,RETENTION_UPSET
EVT0087,2026-02-07 16:04:30+00:00,BASIS_WEIGHT_OFF_SPEC
EVT0087,2026-02-07 16:04:55+00:00,BASIS_WEIGHT_OFF_SPEC
EVT0087,2026-02-07 16:05:20+00:00,BASIS_WEIGHT_OFF_SPEC
EVT0087,2026-02-07 16:05:45+00:00,BASIS_WEIGHT_OFF_SPEC
EVT0087,2026-02-07 16:06:10+00:00,BASIS_WEIGHT_OFF_SPEC
EVT0087,2026-02-07 16:06:35+00:00,BASIS_WEIGHT_OFF_SPEC
EVT0087,2026-02-07 16:07:00+00:00,BASIS_WEIGHT_OFF_SPEC
EVT0087,2026-02-07 16:07:25+00:00,BASIS_WEIGHT_OFF_SPEC
EVT0087,2026-02-07 16:07:50+00:00,BASIS_WEIGHT_OFF_SPEC
EVT0087,2026-02-07 16:08:15+00:00,BASIS_WEIGHT_OFF_SPEC
EVT0087,2026-02-07 16:08:40+00:00,BASIS_WEIGHT_OFF_SPEC
EVT0087,2026-02-07 16:09:05+00:00,BASIS_WEIGHT_OFF_SPEC
EVT0087,2026-02-07 16:09:30+00:00,BASIS_WEIGHT_OFF_SPEC
EVT0087,2026-02-07 16:09:55+00:00,BASIS_WEIGHT_OFF_SPEC
EVT0087,2026-02-07 16:10:20+00:00,BASIS_WEIGHT_OFF_SPEC
EVT0087,2026-02-07 16:10:45+00:00,BASIS_WEIGHT_OFF_SPEC
EVT0087,2026-02-07 16:11:10+00:00,BASIS_WEIGHT_OFF_SPEC
EVT0088,2026-02-07 19:09:35+00:00,BASIS_WEIGHT_OFF_SPEC
EVT0089,2026-02-08 09:04:20+00:00,BASIS_WEIGHT_OFF_SPEC
EVT0089,2026-02-08 09:04:45+00:00,BASIS_WEIGHT_OFF_SPEC
EVT0089,2026-02-08 09:05:10+00:00,BASIS_WEIGHT_OFF_SPEC
EVT0089,2026-02-08 09:07:55+00:00,BASIS_WEIGHT_OFF_SPEC
EVT0089,2026-02-08 09:08:35+00:00,BASIS_WEIGHT_OFF_SPEC
EVT0089,2026-02-08 09:09:00+00:00,BASIS_WEIGHT_OFF_SPEC
EVT0089,2026-02-08 09:09:25+00:00,BASIS_WEIGHT_OFF_SPEC
EVT0089,2026-02-08 09:09:50+00:00,BASIS_WEIGHT_OFF_SPEC
EVT0089,2026-02-08 09:10:15+00:00,BASIS_WEIGHT_OFF_SPEC
EVT0089,2026-02-08 09:10:40+00:00,BASIS_WEIGHT_OFF_SPEC
EVT0091,2026-02-08 19:06:40+00:00,SCANNER_STANDARDIZING
EVT0092,2026-02-09 12:12:20+00:00,CONSISTENCY_UPSET
EVT0092,2026-02-09 12:07:50+00:00,BASIS_WEIGHT_OFF_SPEC
EVT0092,2026-02-09 12:08:15+00:00,BASIS_WEIGHT_OFF_SPEC
EVT0092,2026-02-09 12:09:15+00:00,BASIS_WEIGHT_OFF_SPEC
EVT0092,2026-02-09 12:09:40+00:00,BASIS_WEIGHT_OFF_SPEC
EVT0092,2026-02-09 12:10:05+00:00,BASIS_WEIGHT_OFF_SPEC
EVT0092,2026-02-09 12:13:10+00:00,BASIS_WEIGHT_OFF_SPEC
EVT0092,2026-02-09 12:13:35+00:00,BASIS_WEIGHT_OFF_SPEC
EVT0092,2026-02-09 12:14:00+00:00,BASIS_WEIGHT_OFF_SPEC
EVT0092,2026-02-09 12:14:25+00:00,BASIS_WEIGHT_OFF_SPEC
EVT0092,2026-02-09 12:14:50+00:00,BASIS_WEIGHT_OFF_SPEC
EVT0092,2026-02-09 12:15:15+00:00,BASIS_WEIGHT_OFF_SPEC
EVT0092,2026-02-09 12:15:40+00:00,BASIS_WEIGHT_OFF_SPEC
EVT0092,2026-02-09 12:16:05+00:00,BASIS_WEIGHT_OFF_SPEC
EVT0092,2026-02-09 12:16:30+00:00,BASIS_WEIGHT_OFF_SPEC
EVT0092,2026-02-09 12:16:55+00:00,BASIS_WEIGHT_OFF_SPEC
EVT0095,2026-02-10 10:03:00+00:00,STEAM_HEADER_SATURATED
EVT0095,2026-02-10 10:04:05+00:00,BASIS_WEIGHT_OFF_SPEC
EVT0098,2026-02-11 10:03:55+00:00,BASIS_WEIGHT_OFF_SPEC
EVT0098,2026-02-11 10:04:20+00:00,BASIS_WEIGHT_OFF_SPEC
EVT0098,2026-02-11 10:04:45+00:00,BASIS_WEIGHT_OFF_SPEC
EVT0098,2026-02-11 10:05:10+00:00,BASIS_WEIGHT_OFF_SPEC
EVT0098,2026-02-11 10:07:25+00:00,BASIS_WEIGHT_OFF_SPEC
EVT0098,2026-02-11 10:08:05+00:00,BASIS_WEIGHT_OFF_SPEC
EVT0098,2026-02-11 10:08:30+00:00,BASIS_WEIGHT_OFF_SPEC
EVT0098,2026-02-11 10:08:55+00:00,BASIS_WEIGHT_OFF_SPEC
EVT0098,2026-02-11 10:09:20+00:00,BASIS_WEIGHT_OFF_SPEC
EVT0098,2026-02-11 10:09:45+00:00,BASIS_WEIGHT_OFF_SPEC
EVT0099,2026-02-11 19:07:35+00:00,BASIS_WEIGHT_OFF_SPEC
EVT0099,2026-02-11 19:08:00+00:00,BASIS_WEIGHT_OFF_SPEC
EVT0099,2026-02-11 19:08:25+00:00,BASIS_WEIGHT_OFF_SPEC
EVT0099,2026-02-11 19:08:50+00:00,BASIS_WEIGHT_OFF_SPEC
EVT0099,2026-02-11 19:09:15+00:00,BASIS_WEIGHT_OFF_SPEC
EVT0099,2026-02-11 19:09:40+00:00,BASIS_WEIGHT_OFF_SPEC
EVT0099,2026-02-11 19:10:05+00:00,BASIS_WEIGHT_OFF_SPEC
EVT0099,2026-02-11 19:10:30+00:00,BASIS_WEIGHT_OFF_SPEC
EVT0099,2026-02-11 19:10:55+00:00,BASIS_WEIGHT_OFF_SPEC
EVT0100,2026-02-12 09:03:00+00:00,ACTUATOR_STUCK:stock_flow
EVT0100,2026-02-12 09:04:00+00:00,BASIS_WEIGHT_OFF_SPEC
EVT0100,2026-02-12 09:04:25+00:00,BASIS_WEIGHT_OFF_SPEC
EVT0100,2026-02-12 09:04:50+00:00,BASIS_WEIGHT_OFF_SPEC
EVT0100,2026-02-12 09:07:00+00:00,BASIS_WEIGHT_OFF_SPEC
EVT0100,2026-02-12 09:07:25+00:00,BASIS_WEIGHT_OFF_SPEC
EVT0100,2026-02-12 09:07:50+00:00,BASIS_WEIGHT_OFF_SPEC
EVT0100,2026-02-12 09:08:15+00:00,BASIS_WEIGHT_OFF_SPEC
EVT0100,2026-02-12 09:08:40+00:00,BASIS_WEIGHT_OFF_SPEC
EVT0100,2026-02-12 09:09:05+00:00,BASIS_WEIGHT_OFF_SPEC
EVT0100,2026-02-12 09:09:30+00:00,BASIS_WEIGHT_OFF_SPEC
EVT0100,2026-02-12 09:09:55+00:00,BASIS_WEIGHT_OFF_SPEC
EVT0100,2026-02-12 09:10:20+00:00,BASIS_WEIGHT_OFF_SPEC
EVT0100,2026-02-12 09:10:45+00:00,BASIS_WEIGHT_OFF_SPEC
EVT0100,2026-02-12 09:11:10+00:00,BASIS_WEIGHT_OFF_SPEC
EVT0100,2026-02-12 09:11:35+00:00,BASIS_WEIGHT_OFF_SPEC
EVT0100,2026-02-12 09:12:00+00:00,BASIS_WEIGHT_OFF_SPEC
EVT0100,2026-02-12 09:12:25+00:00,BASIS_WEIGHT_OFF_SPEC
EVT0100,2026-02-12 09:12:50+00:00,BASIS_WEIGHT_OFF_SPEC
EVT0100,2026-02-12 09:13:15+00:00,BASIS_WEIGHT_OFF_SPEC
EVT0100,2026-02-12 09:13:40+00:00,BASIS_WEIGHT_OFF_SPEC
EVT0100,2026-02-12 09:14:05+00:00,BASIS_WEIGHT_OFF_SPEC
EVT0100,2026-02-12 09:14:30+00:00,BASIS_WEIGHT_OFF_SPEC
EVT0100,2026-02-12 09:14:55+00:00,BASIS_WEIGHT_OFF_SPEC
EVT0100,2026-02-12 09:15:20+00:00,BASIS_WEIGHT_OFF_SPEC
EVT0100,2026-02-12 09:15:45+00:00,BASIS_WEIGHT_OFF_SPEC
EVT0100,2026-02-12 09:16:10+00:00,BASIS_WEIGHT_OFF_SPEC
EVT0100,2026-02-12 09:16:35+00:00,BASIS_WEIGHT_OFF_SPEC
EVT0100,2026-02-12 09:17:00+00:00,BASIS_WEIGHT_OFF_SPEC
EVT0100,2026-02-12 09:17:25+00:00,BASIS_WEIGHT_OFF_SPEC
EVT0100,2026-02-12 09:17:50+00:00,BASIS_WEIGHT_OFF_SPEC
EVT0100,2026-02-12 09:18:15+00:00,BASIS_WEIGHT_OFF_SPEC
EVT0100,2026-02-12 09:18:40+00:00,BASIS_WEIGHT_OFF_SPEC
EVT0100,2026-02-12 09:19:05+00:00,BASIS_WEIGHT_OFF_SPEC
EVT0100,2026-02-12 09:19:30+00:00,BASIS_WEIGHT_OFF_SPEC
EVT0100,2026-02-12 09:19:55+00:00,BASIS_WEIGHT_OFF_SPEC
EVT0100,2026-02-12 09:20:20+00:00,BASIS_WEIGHT_OFF_SPEC
EVT0100,2026-02-12 09:20:45+00:00,BASIS_WEIGHT_OFF_SPEC
EVT0100,2026-02-12 09:21:10+00:00,BASIS_WEIGHT_OFF_SPEC
EVT0100,2026-02-12 09:21:35+00:00,BASIS_WEIGHT_OFF_SPEC
EVT0102,2026-02-12 16:07:50+00:00,BASIS_WEIGHT_OFF_SPEC
EVT0102,2026-02-12 16:08:15+00:00,BASIS_WEIGHT_OFF_SPEC
EVT0102,2026-02-12 16:08:40+00:00,BASIS_WEIGHT_OFF_SPEC
EVT0102,2026-02-12 16:09:05+00:00,BASIS_WEIGHT_OFF_SPEC
EVT0102,2026-02-12 16:09:30+00:00,BASIS_WEIGHT_OFF_SPEC
EVT0102,2026-02-12 16:09:55+00:00,BASIS_WEIGHT_OFF_SPEC
EVT0102,2026-02-12 16:10:20+00:00,BASIS_WEIGHT_OFF_SPEC
EVT0102,2026-02-12 16:10:45+00:00,BASIS_WEIGHT_OFF_SPEC
EVT0103,2026-02-13 03:05:10+00:00,BASIS_WEIGHT_OFF_SPEC
EVT0104,2026-02-13 10:14:40+00:00,CONSISTENCY_UPSET
EVT0104,2026-02-13 10:15:15+00:00,BASIS_WEIGHT_OFF_SPEC
EVT0104,2026-02-13 10:15:40+00:00,BASIS_WEIGHT_OFF_SPEC
EVT0104,2026-02-13 10:16:05+00:00,BASIS_WEIGHT_OFF_SPEC
EVT0104,2026-02-13 10:16:30+00:00,BASIS_WEIGHT_OFF_SPEC
EVT0104,2026-02-13 10:16:55+00:00,BASIS_WEIGHT_OFF_SPEC
EVT0104,2026-02-13 10:17:20+00:00,BASIS_WEIGHT_OFF_SPEC
EVT0104,2026-02-13 10:17:45+00:00,BASIS_WEIGHT_OFF_SPEC
EVT0104,2026-02-13 10:18:10+00:00,BASIS_WEIGHT_OFF_SPEC
EVT0105,2026-02-14 09:00:25+00:00,BASIS_WEIGHT_OFF_SPEC
EVT0107,2026-02-14 19:03:50+00:00,RETENTION_UPSET
EVT0107,2026-02-14 19:04:10+00:00,BASIS_WEIGHT_OFF_SPEC
EVT0107,2026-02-14 19:04:35+00:00,BASIS_WEIGHT_OFF_SPEC
EVT0107,2026-02-14 19:05:00+00:00,BASIS_WEIGHT_OFF_SPEC
EVT0107,2026-02-14 19:05:25+00:00,BASIS_WEIGHT_OFF_SPEC
EVT0107,2026-02-14 19:05:50+00:00,BASIS_WEIGHT_OFF_SPEC
EVT0107,2026-02-14 19:06:15+00:00,BASIS_WEIGHT_OFF_SPEC
EVT0107,2026-02-14 19:06:40+00:00,BASIS_WEIGHT_OFF_SPEC
EVT0107,2026-02-14 19:07:05+00:00,BASIS_WEIGHT_OFF_SPEC
EVT0107,2026-02-14 19:07:30+00:00,BASIS_WEIGHT_OFF_SPEC
EVT0107,2026-02-14 19:07:55+00:00,BASIS_WEIGHT_OFF_SPEC
EVT0107,2026-02-14 19:08:20+00:00,BASIS_WEIGHT_OFF_SPEC
EVT0107,2026-02-14 19:08:45+00:00,BASIS_WEIGHT_OFF_SPEC
EVT0107,2026-02-14 19:09:10+00:00,BASIS_WEIGHT_OFF_SPEC
EVT0107,2026-02-14 19:09:35+00:00,BASIS_WEIGHT_OFF_SPEC
EVT0109,2026-02-15 14:04:05+00:00,BASIS_WEIGHT_OFF_SPEC
EVT0109,2026-02-15 14:04:30+00:00,BASIS_WEIGHT_OFF_SPEC
EVT0112,2026-02-17 00:05:30+00:00,SHEET_BREAK
EVT0112,2026-02-17 00:04:25+00:00,BASIS_WEIGHT_OFF_SPEC
EVT0112,2026-02-17 00:04:50+00:00,BASIS_WEIGHT_OFF_SPEC
EVT0112,2026-02-17 00:05:15+00:00,BASIS_WEIGHT_OFF_SPEC
EVT0112,2026-02-17 00:06:50+00:00,BASIS_WEIGHT_OFF_SPEC
EVT0112,2026-02-17 00:07:15+00:00,BASIS_WEIGHT_OFF_SPEC
EVT0112,2026-02-17 00:07:40+00:00,BASIS_WEIGHT_OFF_SPEC
EVT0112,2026-02-17 00:08:05+00:00,BASIS_WEIGHT_OFF_SPEC
EVT0112,2026-02-17 00:08:30+00:00,BASIS_WEIGHT_OFF_SPEC
EVT0112,2026-02-17 00:08:55+00:00,BASIS_WEIGHT_OFF_SPEC
EVT0112,2026-02-17 00:09:20+00:00,BASIS_WEIGHT_OFF_SPEC
EVT0112,2026-02-17 00:09:45+00:00,BASIS_WEIGHT_OFF_SPEC
EVT0112,2026-02-17 00:10:10+00:00,BASIS_WEIGHT_OFF_SPEC
EVT0112,2026-02-17 00:10:35+00:00,BASIS_WEIGHT_OFF_SPEC
EVT0112,2026-02-17 00:11:00+00:00,BASIS_WEIGHT_OFF_SPEC
EVT0112,2026-02-17 00:11:25+00:00,BASIS_WEIGHT_OFF_SPEC
EVT0112,2026-02-17 00:11:50+00:00,BASIS_WEIGHT_OFF_SPEC
EVT0112,2026-02-17 00:12:15+00:00,BASIS_WEIGHT_OFF_SPEC
EVT0112,2026-02-17 00:12:40+00:00,BASIS_WEIGHT_OFF_SPEC
EVT0112,2026-02-17 00:13:05+00:00,BASIS_WEIGHT_OFF_SPEC
EVT0112,2026-02-17 00:13:30+00:00,BASIS_WEIGHT_OFF_SPEC
EVT0112,2026-02-17 00:13:55+00:00,BASIS_WEIGHT_OFF_SPEC
EVT0112,2026-02-17 00:14:20+00:00,BASIS_WEIGHT_OFF_SPEC
EVT0112,2026-02-17 00:14:45+00:00,BASIS_WEIGHT_OFF_SPEC
EVT0112,2026-02-17 00:15:10+00:00,BASIS_WEIGHT_OFF_SPEC
EVT0112,2026-02-17 00:15:35+00:00,BASIS_WEIGHT_OFF_SPEC
EVT0112,2026-02-17 00:16:00+00:00,BASIS_WEIGHT_OFF_SPEC
EVT0112,2026-02-17 00:16:25+00:00,BASIS_WEIGHT_OFF_SPEC
EVT0112,2026-02-17 00:16:50+00:00,BASIS_WEIGHT_OFF_SPEC
EVT0112,2026-02-17 00:17:15+00:00,BASIS_WEIGHT_OFF_SPEC
EVT0112,2026-02-17 00:17:40+00:00,BASIS_WEIGHT_OFF_SPEC
EVT0112,2026-02-17 00:18:05+00:00,BASIS_WEIGHT_OFF_SPEC
EVT0112,2026-02-17 00:18:30+00:00,BASIS_WEIGHT_OFF_SPEC
EVT0112,2026-02-17 00:18:55+00:00,BASIS_WEIGHT_OFF_SPEC
EVT0112,2026-02-17 00:19:20+00:00,BASIS_WEIGHT_OFF_SPEC
EVT0112,2026-02-17 00:19:45+00:00,BASIS_WEIGHT_OFF_SPEC
EVT0112,2026-02-17 00:20:10+00:00,BASIS_WEIGHT_OFF_SPEC
EVT0112,2026-02-17 00:20:35+00:00,BASIS_WEIGHT_OFF_SPEC
EVT0112,2026-02-17 00:21:00+00:00,BASIS_WEIGHT_OFF_SPEC
EVT0112,2026-02-17 00:21:25+00:00,BASIS_WEIGHT_OFF_SPEC
EVT0112,2026-02-17 00:21:50+00:00,BASIS_WEIGHT_OFF_SPEC
EVT0113,2026-02-17 10:04:15+00:00,BASIS_WEIGHT_OFF_SPEC
EVT0113,2026-02-17 10:04:40+00:00,BASIS_WEIGHT_OFF_SPEC
EVT0113,2026-02-17 10:05:05+00:00,BASIS_WEIGHT_OFF_SPEC
EVT0113,2026-02-17 10:05:30+00:00,BASIS_WEIGHT_OFF_SPEC
EVT0113,2026-02-17 10:05:55+00:00,BASIS_WEIGHT_OFF_SPEC
EVT0113,2026-02-17 10:08:50+00:00,BASIS_WEIGHT_OFF_SPEC
EVT0113,2026-02-17 10:09:15+00:00,BASIS_WEIGHT_OFF_SPEC
EVT0113,2026-02-17 10:09:40+00:00,BASIS_WEIGHT_OFF_SPEC
EVT0113,2026-02-17 10:10:05+00:00,BASIS_WEIGHT_OFF_SPEC
EVT0113,2026-02-17 10:10:30+00:00,BASIS_WEIGHT_OFF_SPEC
EVT0114,2026-02-17 19:03:00+00:00,STEAM_HEADER_SATURATED
EVT0114,2026-02-17 19:07:40+00:00,BASIS_WEIGHT_OFF_SPEC
EVT0114,2026-02-17 19:08:05+00:00,BASIS_WEIGHT_OFF_SPEC
EVT0114,2026-02-17 19:08:30+00:00,BASIS_WEIGHT_OFF_SPEC
EVT0114,2026-02-17 19:08:55+00:00,BASIS_WEIGHT_OFF_SPEC
EVT0114,2026-02-17 19:09:20+00:00,BASIS_WEIGHT_OFF_SPEC
EVT0114,2026-02-17 19:09:45+00:00,BASIS_WEIGHT_OFF_SPEC
EVT0114,2026-02-17 19:10:10+00:00,BASIS_WEIGHT_OFF_SPEC
EVT0114,2026-02-17 19:10:35+00:00,BASIS_WEIGHT_OFF_SPEC
EVT0115,2026-02-17 18:06:10+00:00,BASIS_WEIGHT_OFF_SPEC
EVT0115,2026-02-17 18:06:35+00:00,BASIS_WEIGHT_OFF_SPEC
EVT0115,2026-02-17 18:07:00+00:00,BASIS_WEIGHT_OFF_SPEC
EVT0115,2026-02-17 18:07:25+00:00,BASIS_WEIGHT_OFF_SPEC
EVT0115,2026-02-17 18:07:50+00:00,BASIS_WEIGHT_OFF_SPEC
EVT0115,2026-02-17 18:08:15+00:00,BASIS_WEIGHT_OFF_SPEC
EVT0115,2026-02-17 18:08:40+00:00,BASIS_WEIGHT_OFF_SPEC
EVT0115,2026-02-17 18:09:05+00:00,BASIS_WEIGHT_OFF_SPEC
EVT0115,2026-02-17 18:09:30+00:00,BASIS_WEIGHT_OFF_SPEC
EVT0115,2026-02-17 18:09:55+00:00,BASIS_WEIGHT_OFF_SPEC
EVT0115,2026-02-17 18:10:20+00:00,BASIS_WEIGHT_OFF_SPEC
EVT0115,2026-02-17 18:10:45+00:00,BASIS_WEIGHT_OFF_SPEC
EVT0115,2026-02-17 18:11:10+00:00,BASIS_WEIGHT_OFF_SPEC
EVT0116,2026-02-18 12:03:50+00:00,RETENTION_UPSET
EVT0116,2026-02-18 12:04:25+00:00,BASIS_WEIGHT_OFF_SPEC
EVT0116,2026-02-18 12:04:50+00:00,BASIS_WEIGHT_OFF_SPEC
EVT0116,2026-02-18 12:05:15+00:00,BASIS_WEIGHT_OFF_SPEC
EVT0116,2026-02-18 12:05:40+00:00,BASIS_WEIGHT_OFF_SPEC
EVT0116,2026-02-18 12:06:05+00:00,BASIS_WEIGHT_OFF_SPEC
EVT0116,2026-02-18 12:06:30+00:00,BASIS_WEIGHT_OFF_SPEC
EVT0116,2026-02-18 12:06:55+00:00,BASIS_WEIGHT_OFF_SPEC
EVT0116,2026-02-18 12:07:20+00:00,BASIS_WEIGHT_OFF_SPEC
EVT0116,2026-02-18 12:07:45+00:00,BASIS_WEIGHT_OFF_SPEC
EVT0116,2026-02-18 12:08:10+00:00,BASIS_WEIGHT_OFF_SPEC
EVT0116,2026-02-18 12:08:35+00:00,BASIS_WEIGHT_OFF_SPEC
EVT0116,2026-02-18 12:09:00+00:00,BASIS_WEIGHT_OFF_SPEC
EVT0116,2026-02-18 12:09:25+00:00,BASIS_WEIGHT_OFF_SPEC
EVT0119,2026-02-19 02:03:00+00:00,ACTUATOR_STUCK:filler_flow
EVT0119,2026-02-19 02:07:25+00:00,BASIS_WEIGHT_OFF_SPEC
EVT0119,2026-02-19 02:07:50+00:00,BASIS_WEIGHT_OFF_SPEC
EVT0119,2026-02-19 02:08:15+00:00,BASIS_WEIGHT_OFF_SPEC
EVT0119,2026-02-19 02:08:40+00:00,BASIS_WEIGHT_OFF_SPEC
EVT0119,2026-02-19 02:09:05+00:00,BASIS_WEIGHT_OFF_SPEC
EVT0119,2026-02-19 02:09:30+00:00,BASIS_WEIGHT_OFF_SPEC
EVT0119,2026-02-19 02:09:55+00:00,BASIS_WEIGHT_OFF_SPEC
EVT0119,2026-02-19 02:10:20+00:00,BASIS_WEIGHT_OFF_SPEC
EVT0119,2026-02-19 02:10:45+00:00,BASIS_WEIGHT_OFF_SPEC
EVT0119,2026-02-19 02:11:10+00:00,BASIS_WEIGHT_OFF_SPEC
EVT0122,2026-02-20 08:08:10+00:00,BASIS_WEIGHT_OFF_SPEC
EVT0122,2026-02-20 08:09:05+00:00,BASIS_WEIGHT_OFF_SPEC
EVT0122,2026-02-20 08:10:00+00:00,BASIS_WEIGHT_OFF_SPEC
EVT0122,2026-02-20 08:10:25+00:00,BASIS_WEIGHT_OFF_SPEC
EVT0123,2026-02-20 16:07:45+00:00,SCANNER_STANDARDIZING
EVT0123,2026-02-20 16:08:05+00:00,BASIS_WEIGHT_OFF_SPEC
EVT0124,2026-02-21 08:08:00+00:00,BASIS_WEIGHT_OFF_SPEC
EVT0124,2026-02-21 08:08:25+00:00,BASIS_WEIGHT_OFF_SPEC
EVT0124,2026-02-21 08:08:50+00:00,BASIS_WEIGHT_OFF_SPEC
EVT0124,2026-02-21 08:09:15+00:00,BASIS_WEIGHT_OFF_SPEC
EVT0124,2026-02-21 08:09:40+00:00,BASIS_WEIGHT_OFF_SPEC
EVT0124,2026-02-21 08:10:05+00:00,BASIS_WEIGHT_OFF_SPEC
EVT0124,2026-02-21 08:10:30+00:00,BASIS_WEIGHT_OFF_SPEC
EVT0126,2026-02-22 04:06:35+00:00,BASIS_WEIGHT_OFF_SPEC
EVT0126,2026-02-22 04:07:00+00:00,BASIS_WEIGHT_OFF_SPEC
EVT0126,2026-02-22 04:07:25+00:00,BASIS_WEIGHT_OFF_SPEC
EVT0126,2026-02-22 04:07:50+00:00,BASIS_WEIGHT_OFF_SPEC
EVT0126,2026-02-22 04:08:15+00:00,BASIS_WEIGHT_OFF_SPEC
EVT0126,2026-02-22 04:08:40+00:00,BASIS_WEIGHT_OFF_SPEC
EVT0126,2026-02-22 04:09:05+00:00,BASIS_WEIGHT_OFF_SPEC
EVT0126,2026-02-22 04:09:30+00:00,BASIS_WEIGHT_OFF_SPEC
EVT0126,2026-02-22 04:09:55+00:00,BASIS_WEIGHT_OFF_SPEC
EVT0126,2026-02-22 04:10:20+00:00,BASIS_WEIGHT_OFF_SPEC
EVT0126,2026-02-22 04:10:45+00:00,BASIS_WEIGHT_OFF_SPEC
EVT0127,2026-02-22 16:09:00+00:00,SHEET_BREAK
EVT0127,2026-02-22 16:10:10+00:00,BASIS_WEIGHT_OFF_SPEC
EVT0127,2026-02-22 16:10:35+00:00,BASIS_WEIGHT_OFF_SPEC
EVT0127,2026-02-22 16:11:00+00:00,BASIS_WEIGHT_OFF_SPEC
EVT0127,2026-02-22 16:11:25+00:00,BASIS_WEIGHT_OFF_SPEC
EVT0127,2026-02-22 16:11:50+00:00,BASIS_WEIGHT_OFF_SPEC
EVT0127,2026-02-22 16:12:15+00:00,BASIS_WEIGHT_OFF_SPEC
EVT0127,2026-02-22 16:12:40+00:00,BASIS_WEIGHT_OFF_SPEC
EVT0127,2026-02-22 16:13:05+00:00,BASIS_WEIGHT_OFF_SPEC
EVT0127,2026-02-22 16:13:30+00:00,BASIS_WEIGHT_OFF_SPEC
EVT0127,2026-02-22 16:13:55+00:00,BASIS_WEIGHT_OFF_SPEC
EVT0127,2026-02-22 16:14:20+00:00,BASIS_WEIGHT_OFF_SPEC
EVT0127,2026-02-22 16:14:45+00:00,BASIS_WEIGHT_OFF_SPEC
EVT0127,2026-02-22 16:15:10+00:00,BASIS_WEIGHT_OFF_SPEC
EVT0127,2026-02-22 16:15:35+00:00,BASIS_WEIGHT_OFF_SPEC
EVT0127,2026-02-22 16:16:00+00:00,BASIS_WEIGHT_OFF_SPEC
EVT0127,2026-02-22 16:16:25+00:00,BASIS_WEIGHT_OFF_SPEC
EVT0127,2026-02-22 16:16:50+00:00,BASIS_WEIGHT_OFF_SPEC
EVT0127,2026-02-22 16:17:15+00:00,BASIS_WEIGHT_OFF_SPEC
EVT0127,2026-02-22 16:17:40+00:00,BASIS_WEIGHT_OFF_SPEC
EVT0127,2026-02-22 16:18:05+00:00,BASIS_WEIGHT_OFF_SPEC
EVT0127,2026-02-22 16:18:30+00:00,BASIS_WEIGHT_OFF_SPEC
EVT0127,2026-02-22 16:18:55+00:00,BASIS_WEIGHT_OFF_SPEC
EVT0127,2026-02-22 16:19:20+00:00,BASIS_WEIGHT_OFF_SPEC
EVT0127,2026-02-22 16:19:45+00:00,BASIS_WEIGHT_OFF_SPEC
EVT0127,2026-02-22 16:20:10+00:00,BASIS_WEIGHT_OFF_SPEC
EVT0127,2026-02-22 16:20:35+00:00,BASIS_WEIGHT_OFF_SPEC
EVT0127,2026-02-22 16:21:00+00:00,BASIS_WEIGHT_OFF_SPEC
EVT0127,2026-02-22 16:21:25+00:00,BASIS_WEIGHT_OFF_SPEC
EVT0127,2026-02-22 16:21:50+00:00,BASIS_WEIGHT_OFF_SPEC
EVT0128,2026-02-22 18:04:25+00:00,BASIS_WEIGHT_OFF_SPEC
EVT0128,2026-02-22 18:04:50+00:00,BASIS_WEIGHT_OFF_SPEC
EVT0128,2026-02-22 18:05:15+00:00,BASIS_WEIGHT_OFF_SPEC
EVT0129,2026-02-23 03:10:25+00:00,SHEET_BREAK
EVT0129,2026-02-23 03:07:05+00:00,BASIS_WEIGHT_OFF_SPEC
EVT0129,2026-02-23 03:08:10+00:00,BASIS_WEIGHT_OFF_SPEC
EVT0129,2026-02-23 03:08:35+00:00,BASIS_WEIGHT_OFF_SPEC
EVT0129,2026-02-23 03:09:00+00:00,BASIS_WEIGHT_OFF_SPEC
EVT0129,2026-02-23 03:09:25+00:00,BASIS_WEIGHT_OFF_SPEC
EVT0129,2026-02-23 03:09:50+00:00,BASIS_WEIGHT_OFF_SPEC
EVT0129,2026-02-23 03:10:15+00:00,BASIS_WEIGHT_OFF_SPEC
EVT0129,2026-02-23 03:11:50+00:00,BASIS_WEIGHT_OFF_SPEC
EVT0129,2026-02-23 03:12:15+00:00,BASIS_WEIGHT_OFF_SPEC
EVT0129,2026-02-23 03:12:40+00:00,BASIS_WEIGHT_OFF_SPEC
EVT0129,2026-02-23 03:13:05+00:00,BASIS_WEIGHT_OFF_SPEC
EVT0129,2026-02-23 03:13:30+00:00,BASIS_WEIGHT_OFF_SPEC
EVT0129,2026-02-23 03:13:55+00:00,BASIS_WEIGHT_OFF_SPEC
EVT0129,2026-02-23 03:14:20+00:00,BASIS_WEIGHT_OFF_SPEC
EVT0129,2026-02-23 03:14:45+00:00,BASIS_WEIGHT_OFF_SPEC
EVT0129,2026-02-23 03:15:10+00:00,BASIS_WEIGHT_OFF_SPEC
EVT0129,2026-02-23 03:15:35+00:00,BASIS_WEIGHT_OFF_SPEC
EVT0129,2026-02-23 03:16:00+00:00,BASIS_WEIGHT_OFF_SPEC
EVT0129,2026-02-23 03:16:25+00:00,BASIS_WEIGHT_OFF_SPEC
EVT0129,2026-02-23 03:16:50+00:00,BASIS_WEIGHT_OFF_SPEC
EVT0129,2026-02-23 03:17:15+00:00,BASIS_WEIGHT_OFF_SPEC
EVT0129,2026-02-23 03:17:40+00:00,BASIS_WEIGHT_OFF_SPEC
EVT0129,2026-02-23 03:18:05+00:00,BASIS_WEIGHT_OFF_SPEC
EVT0129,2026-02-23 03:18:30+00:00,BASIS_WEIGHT_OFF_SPEC
EVT0129,2026-02-23 03:18:55+00:00,BASIS_WEIGHT_OFF_SPEC
EVT0129,2026-02-23 03:19:20+00:00,BASIS_WEIGHT_OFF_SPEC
EVT0129,2026-02-23 03:19:45+00:00,BASIS_WEIGHT_OFF_SPEC
EVT0129,2026-02-23 03:20:10+00:00,BASIS_WEIGHT_OFF_SPEC
EVT0129,2026-02-23 03:20:35+00:00,BASIS_WEIGHT_OFF_SPEC
EVT0129,2026-02-23 03:21:00+00:00,BASIS_WEIGHT_OFF_SPEC
EVT0129,2026-02-23 03:21:25+00:00,BASIS_WEIGHT_OFF_SPEC
EVT0129,2026-02-23 03:21:50+00:00,BASIS_WEIGHT_OFF_SPEC
EVT0130,2026-02-23 14:03:55+00:00,BASIS_WEIGHT_OFF_SPEC
EVT0130,2026-02-23 14:04:20+00:00,BASIS_WEIGHT_OFF_SPEC
EVT0130,2026-02-23 14:04:45+00:00,BASIS_WEIGHT_OFF_SPEC
EVT0130,2026-02-23 14:08:15+00:00,BASIS_WEIGHT_OFF_SPEC
EVT0133,2026-02-24 09:04:40+00:00,BASIS_WEIGHT_OFF_SPEC
EVT0136,2026-02-25 18:14:50+00:00,CONSISTENCY_UPSET
EVT0136,2026-02-25 18:04:35+00:00,BASIS_WEIGHT_OFF_SPEC
EVT0136,2026-02-25 18:15:40+00:00,BASIS_WEIGHT_OFF_SPEC
EVT0136,2026-02-25 18:16:05+00:00,BASIS_WEIGHT_OFF_SPEC
EVT0136,2026-02-25 18:16:30+00:00,BASIS_WEIGHT_OFF_SPEC
EVT0136,2026-02-25 18:16:55+00:00,BASIS_WEIGHT_OFF_SPEC
EVT0136,2026-02-25 18:17:20+00:00,BASIS_WEIGHT_OFF_SPEC
EVT0136,2026-02-25 18:17:45+00:00,BASIS_WEIGHT_OFF_SPEC
EVT0136,2026-02-25 18:18:10+00:00,BASIS_WEIGHT_OFF_SPEC
EVT0138,2026-02-26 07:05:55+00:00,BASIS_WEIGHT_OFF_SPEC
EVT0138,2026-02-26 07:06:20+00:00,BASIS_WEIGHT_OFF_SPEC
EVT0138,2026-02-26 07:06:45+00:00,BASIS_WEIGHT_OFF_SPEC
EVT0138,2026-02-26 07:07:10+00:00,BASIS_WEIGHT_OFF_SPEC
EVT0138,2026-02-26 07:07:35+00:00,BASIS_WEIGHT_OFF_SPEC
EVT0138,2026-02-26 07:08:00+00:00,BASIS_WEIGHT_OFF_SPEC
EVT0138,2026-02-26 07:08:25+00:00,BASIS_WEIGHT_OFF_SPEC
EVT0138,2026-02-26 07:08:50+00:00,BASIS_WEIGHT_OFF_SPEC
EVT0138,2026-02-26 07:09:15+00:00,BASIS_WEIGHT_OFF_SPEC
EVT0138,2026-02-26 07:09:40+00:00,BASIS_WEIGHT_OFF_SPEC
EVT0138,2026-02-26 07:10:05+00:00,BASIS_WEIGHT_OFF_SPEC
EVT0138,2026-02-26 07:10:30+00:00,BASIS_WEIGHT_OFF_SPEC
EVT0138,2026-02-26 07:10:55+00:00,BASIS_WEIGHT_OFF_SPEC
EVT0138,2026-02-26 07:11:20+00:00,BASIS_WEIGHT_OFF_SPEC
EVT0138,2026-02-26 07:11:45+00:00,BASIS_WEIGHT_OFF_SPEC
EVT0138,2026-02-26 07:12:10+00:00,BASIS_WEIGHT_OFF_SPEC
EVT0138,2026-02-26 07:12:35+00:00,BASIS_WEIGHT_OFF_SPEC
EVT0141,2026-02-27 20:07:45+00:00,BASIS_WEIGHT_OFF_SPEC
EVT0141,2026-02-27 20:08:10+00:00,BASIS_WEIGHT_OFF_SPEC
EVT0141,2026-02-27 20:08:35+00:00,BASIS_WEIGHT_OFF_SPEC
EVT0141,2026-02-27 20:09:00+00:00,BASIS_WEIGHT_OFF_SPEC
EVT0141,2026-02-27 20:09:25+00:00,BASIS_WEIGHT_OFF_SPEC
EVT0141,2026-02-27 20:09:50+00:00,BASIS_WEIGHT_OFF_SPEC
EVT0141,2026-02-27 20:10:15+00:00,BASIS_WEIGHT_OFF_SPEC
EVT0141,2026-02-27 20:10:40+00:00,BASIS_WEIGHT_OFF_SPEC
EVT0141,2026-02-27 20:11:05+00:00,BASIS_WEIGHT_OFF_SPEC
EVT0143,2026-02-28 01:04:05+00:00,BASIS_WEIGHT_OFF_SPEC
EVT0144,2026-02-28 16:04:10+00:00,BASIS_WEIGHT_OFF_SPEC
EVT0144,2026-02-28 16:04:35+00:00,BASIS_WEIGHT_OFF_SPEC
EVT0144,2026-02-28 16:05:00+00:00,BASIS_WEIGHT_OFF_SPEC
EVT0144,2026-02-28 16:08:35+00:00,BASIS_WEIGHT_OFF_SPEC
EVT0145,2026-03-01 02:04:40+00:00,SCANNER_STANDARDIZING
EVT0145,2026-03-01 02:03:55+00:00,BASIS_WEIGHT_OFF_SPEC
EVT0145,2026-03-01 02:04:20+00:00,BASIS_WEIGHT_OFF_SPEC
EVT0145,2026-03-01 02:04:45+00:00,BASIS_WEIGHT_OFF_SPEC
EVT0145,2026-03-01 02:05:10+00:00,BASIS_WEIGHT_OFF_SPEC
EVT0145,2026-03-01 02:05:50+00:00,BASIS_WEIGHT_OFF_SPEC
EVT0146,2026-03-01 15:18:40+00:00,CONSISTENCY_UPSET
EVT0146,2026-03-01 15:09:05+00:00,BASIS_WEIGHT_OFF_SPEC
EVT0146,2026-03-01 15:19:25+00:00,BASIS_WEIGHT_OFF_SPEC
EVT0146,2026-03-01 15:19:50+00:00,BASIS_WEIGHT_OFF_SPEC
EVT0146,2026-03-01 15:20:15+00:00,BASIS_WEIGHT_OFF_SPEC
EVT0146,2026-03-01 15:20:40+00:00,BASIS_WEIGHT_OFF_SPEC
EVT0146,2026-03-01 15:21:05+00:00,BASIS_WEIGHT_OFF_SPEC
EVT0146,2026-03-01 15:21:30+00:00,BASIS_WEIGHT_OFF_SPEC
EVT0146,2026-03-01 15:21:55+00:00,BASIS_WEIGHT_OFF_SPEC
EVT0148,2026-03-02 03:04:15+00:00,BASIS_WEIGHT_OFF_SPEC
EVT0149,2026-03-02 17:04:20+00:00,BASIS_WEIGHT_OFF_SPEC
EVT0149,2026-03-02 17:04:45+00:00,BASIS_WEIGHT_OFF_SPEC
EVT0149,2026-03-02 17:07:05+00:00,BASIS_WEIGHT_OFF_SPEC
EVT0149,2026-03-02 17:07:30+00:00,BASIS_WEIGHT_OFF_SPEC
EVT0149,2026-03-02 17:07:55+00:00,BASIS_WEIGHT_OFF_SPEC
EVT0149,2026-03-02 17:08:20+00:00,BASIS_WEIGHT_OFF_SPEC
EVT0149,2026-03-02 17:08:45+00:00,BASIS_WEIGHT_OFF_SPEC
EVT0149,2026-03-02 17:09:10+00:00,BASIS_WEIGHT_OFF_SPEC
EVT0149,2026-03-02 17:09:35+00:00,BASIS_WEIGHT_OFF_SPEC
EVT0149,2026-03-02 17:10:00+00:00,BASIS_WEIGHT_OFF_SPEC
EVT0149,2026-03-02 17:10:25+00:00,BASIS_WEIGHT_OFF_SPEC
EVT0150,2026-03-03 01:08:25+00:00,BASIS_WEIGHT_OFF_SPEC
EVT0150,2026-03-03 01:09:05+00:00,BASIS_WEIGHT_OFF_SPEC
EVT0150,2026-03-03 01:09:30+00:00,BASIS_WEIGHT_OFF_SPEC
EVT0151,2026-03-03 12:04:35+00:00,BASIS_WEIGHT_OFF_SPEC
EVT0151,2026-03-03 12:06:55+00:00,BASIS_WEIGHT_OFF_SPEC
EVT0151,2026-03-03 12:07:20+00:00,BASIS_WEIGHT_OFF_SPEC
EVT0151,2026-03-03 12:07:45+00:00,BASIS_WEIGHT_OFF_SPEC
EVT0151,2026-03-03 12:08:10+00:00,BASIS_WEIGHT_OFF_SPEC
EVT0151,2026-03-03 12:08:35+00:00,BASIS_WEIGHT_OFF_SPEC
EVT0151,2026-03-03 12:09:00+00:00,BASIS_WEIGHT_OFF_SPEC
EVT0151,2026-03-03 12:09:25+00:00,BASIS_WEIGHT_OFF_SPEC
EVT0151,2026-03-03 12:09:50+00:00,BASIS_WEIGHT_OFF_SPEC
EVT0151,2026-03-03 12:10:15+00:00,BASIS_WEIGHT_OFF_SPEC
EVT0151,2026-03-03 12:10:40+00:00,BASIS_WEIGHT_OFF_SPEC
EVT0153,2026-03-03 20:03:00+00:00,STEAM_HEADER_SATURATED
EVT0153,2026-03-03 20:08:15+00:00,BASIS_WEIGHT_OFF_SPEC
EVT0153,2026-03-03 20:09:05+00:00,BASIS_WEIGHT_OFF_SPEC
EVT0153,2026-03-03 20:09:30+00:00,BASIS_WEIGHT_OFF_SPEC
EVT0153,2026-03-03 20:09:55+00:00,BASIS_WEIGHT_OFF_SPEC
EVT0153,2026-03-03 20:10:20+00:00,BASIS_WEIGHT_OFF_SPEC
EVT0153,2026-03-03 20:10:45+00:00,BASIS_WEIGHT_OFF_SPEC
EVT0154,2026-03-04 10:07:35+00:00,SCANNER_STANDARDIZING
EVT0155,2026-03-05 04:07:50+00:00,BASIS_WEIGHT_OFF_SPEC
EVT0155,2026-03-05 04:08:15+00:00,BASIS_WEIGHT_OFF_SPEC
EVT0155,2026-03-05 04:08:40+00:00,BASIS_WEIGHT_OFF_SPEC
EVT0155,2026-03-05 04:09:05+00:00,BASIS_WEIGHT_OFF_SPEC
EVT0155,2026-03-05 04:09:30+00:00,BASIS_WEIGHT_OFF_SPEC
EVT0155,2026-03-05 04:09:55+00:00,BASIS_WEIGHT_OFF_SPEC
EVT0156,2026-03-05 00:05:30+00:00,SCANNER_STANDARDIZING
EVT0158,2026-03-05 23:04:05+00:00,BASIS_WEIGHT_OFF_SPEC
EVT0158,2026-03-05 23:04:45+00:00,BASIS_WEIGHT_OFF_SPEC
EVT0159,2026-03-06 03:07:20+00:00,SCANNER_STANDARDIZING
