ts,machine_id,operator_id,tag,old_value,new_value,action_type,free_text
2026-01-05 12:01:25+00:00,PM1,OP01,MACHINE_SPEED_SP,900.0,905.85,SETPOINT_NUDGE,
2026-01-05 12:04:10+00:00,PM1,OP05,STOCK_FLOW_SP,99.76,101.37,SETPOINT_NUDGE,
2026-01-05 12:15:50+00:00,PM1,OP04,MACHINE_SPEED_SP,900.0,904.95,SETPOINT_NUDGE,
2026-01-05 12:18:55+00:00,PM1,OP02,MACHINE_SPEED_SP,900.0,904.01,SETPOINT_NUDGE,
2026-01-05 12:21:50+00:00,PM1,OP05,STOCK_FLOW_SP,95.68,95.3,SETPOINT_NUDGE,
2026-01-06 02:00:25+00:00,PM1,OP03,STOCK_FLOW_SP,107.83,104.61,SETPOINT_NUDGE,
2026-01-06 02:04:10+00:00,PM1,OP03,MACHINE_SPEED_SP,900.0,923.16,SETPOINT_NUDGE,
2026-01-06 02:05:40+00:00,PM1,OP02,STOCK_FLOW_SP,109.41,108.48,SETPOINT_NUDGE,
2026-01-06 02:08:35+00:00,PM1,OP03,STOCK_FLOW_SP,112.58,113.29,SETPOINT_NUDGE,
2026-01-06 02:10:05+00:00,PM1,OP02,MACHINE_SPEED_SP,900.0,,SETPOINT_NUDGE,
2026-01-06 02:11:35+00:00,PM1,OP02,STOCK_FLOW_SP,113.9,110.93,SETPOINT_NUDGE,
2026-01-06 02:13:05+00:00,PM1,OP05,STOCK_FLOW_SP,113.9,111.22,SETPOINT_NUDGE,
2026-01-06 02:14:50+00:00,PM1,OP04,STOCK_FLOW_SP,113.9,110.64,SETPOINT_NUDGE,
2026-01-06 02:16:20+00:00,PM1,OP01,MACHINE_SPEED_SP,900.0,926.05,SETPOINT_NUDGE,
2026-01-06 02:17:50+00:00,PM1,OP04,STOCK_FLOW_SP,113.9,111.18,SETPOINT_NUDGE,
2026-01-06 02:19:25+00:00,PM1,OP02,STOCK_FLOW_SP,113.9,111.1,SETPOINT_NUDGE,
2026-01-06 02:20:50+00:00,PM1,OP04,STOCK_FLOW_SP,113.9,110.86,SETPOINT_NUDGE,
2026-01-06 13:00:20+00:00,PM1,OP05,STOCK_FLOW_SP,95.68,97.0,SETPOINT_NUDGE,
2026-01-06 13:04:50+00:00,PM1,OP02,MACHINE_SPEED_SP,900.0,914.48,SETPOINT_NUDGE,
2026-01-06 13:06:50+00:00,PM1,OP02,MACHINE_SPEED_SP,900.0,869.15,SETPOINT_NUDGE,
2026-01-06 13:08:35+00:00,PM1,OP03,STOCK_FLOW_SP,109.92,113.55,SETPOINT_NUDGE,
2026-01-06 13:10:00+00:00,PM1,OP01,STOCK_FLOW_SP,113.12,115.94,SETPOINT_NUDGE,
2026-01-06 13:11:45+00:00,PM1,OP03,STOCK_FLOW_SP,113.9,115.13,SETPOINT_NUDGE,
2026-01-06 15:02:35+00:00,PM1,OP02,MACHINE_SPEED_SP,900.0,887.78,SETPOINT_NUDGE,
2026-01-06 15:04:10+00:00,PM1,OP02,STOCK_FLOW_SP,107.38,109.3,SETPOINT_NUDGE,
2026-01-06 15:05:45+00:00,PM1,OP01,STOCK_FLOW_SP,105.7,106.23,SETPOINT_NUDGE,
2026-01-06 15:09:50+00:00,PM1,OP02,MACHINE_SPEED_SP,900.0,904.46,SETPOINT_NUDGE,
2026-01-06 15:11:25+00:00,PM1,OP01,MACHINE_SPEED_SP,900.0,894.14,SETPOINT_NUDGE,
2026-01-06 15:21:55+00:00,PM1,OP05,STOCK_FLOW_SP,100.01,99.43,SETPOINT_NUDGE,
2026-01-06 23:00:45+00:00,PM1,OP02,STOCK_FLOW_SP,95.68,94.85,SETPOINT_NUDGE,
2026-01-06 23:05:00+00:00,PM1,OP04,STOCK_FLOW_SP,98.53,100.73,SETPOINT_NUDGE,
2026-01-06 23:06:55+00:00,PM1,OP02,STOCK_FLOW_SP,104.51,106.55,SETPOINT_NUDGE,
2026-01-06 23:08:20+00:00,PM1,OP05,STOCK_FLOW_SP,109.18,113.12,SETPOINT_NUDGE,
2026-01-06 23:10:25+00:00,PM1,OP03,MACHINE_SPEED_SP,900.0,866.78,SETPOINT_NUDGE,
2026-01-06 23:11:50+00:00,PM1,OP04,MACHINE_SPEED_SP,900.0,875.15,SETPOINT_NUDGE,
2026-01-07 22:00:20+00:00,PM1,OP02,STOCK_FLOW_SP,95.68,96.45,SETPOINT_NUDGE,
2026-01-07 22:03:50+00:00,PM1,OP02,STOCK_FLOW_SP,96.05,92.89,SETPOINT_NUDGE,
2026-01-07 22:05:15+00:00,PM1,OP02,STOCK_FLOW_SP,98.02,95.67,SETPOINT_NUDGE,
2026-01-07 22:08:05+00:00,PM1,OP02,STOCK_FLOW_SP,104.17,105.84,SETPOINT_NUDGE,
2026-01-07 22:09:35+00:00,PM1,OP02,STOCK_FLOW_SP,106.83,108.21,SETPOINT_NUDGE,
2026-01-07 22:11:05+00:00,PM1,OP02,STOCK_FLOW_SP,107.83,108.64,SETPOINT_NUDGE,
2026-01-07 22:04:55+00:00,PM1,OP05,MACHINE_SPEED_SP,900.0,891.48,SETPOINT_NUDGE,
2026-01-07 22:07:40+00:00,PM1,OP02,STOCK_FLOW_SP,100.25,97.95,SETPOINT_NUDGE,
2026-01-07 22:10:00+00:00,PM1,OP01,STOCK_FLOW_SP,96.2,92.27,SETPOINT_NUDGE,
2026-01-08 04:04:15+00:00,PM1,OP05,MACHINE_SPEED_SP,900.0,924.65,SETPOINT_NUDGE,
2026-01-08 04:06:35+00:00,PM1,OP04,STOCK_FLOW_SP,103.32,104.54,SETPOINT_NUDGE,
2026-01-08 04:08:15+00:00,PM1,OP01,STOCK_FLOW_SP,105.7,108.52,SETPOINT_NUDGE,
2026-01-08 04:09:50+00:00,PM1,OP05,STOCK_FLOW_SP,107.38,110.69,SETPOINT_NUDGE,
2026-01-08 04:11:25+00:00,PM1,OP01,STOCK_FLOW_SP,107.83,110.41,SETPOINT_NUDGE,
2026-01-08 04:13:00+00:00,PM1,OP01,STOCK_FLOW_SP,107.83,111.35,SETPOINT_NUDGE,
2026-01-08 04:14:30+00:00,PM1,OP01,STOCK_FLOW_SP,107.83,110.38,SETPOINT_NUDGE,
2026-01-08 04:15:55+00:00,PM1,OP01,STOCK_FLOW_SP,107.83,110.84,SETPOINT_NUDGE,
2026-01-08 04:17:20+00:00,PM1,OP05,STOCK_FLOW_SP,107.83,111.26,SETPOINT_NUDGE,
2026-01-08 04:18:55+00:00,PM1,OP03,MACHINE_SPEED_SP,900.0,870.67,SETPOINT_NUDGE,
2026-01-08 04:20:40+00:00,PM1,OP01,MACHINE_SPEED_SP,900.0,875.46,SETPOINT_NUDGE,
2026-01-08 14:04:15+00:00,PM1,OP05,STOCK_FLOW_SP,96.88,93.28,SETPOINT_NUDGE,
2026-01-08 14:06:40+00:00,PM1,OP04,STOCK_FLOW_SP,103.66,106.72,SETPOINT_NUDGE,
2026-01-08 14:08:05+00:00,PM1,OP05,STOCK_FLOW_SP,108.4,111.82,SETPOINT_NUDGE,
2026-01-08 14:09:45+00:00,PM1,OP05,MACHINE_SPEED_SP,900.0,870.97,SETPOINT_NUDGE,
2026-01-09 09:07:15+00:00,PM1,OP01,STOCK_FLOW_SP,104.29,104.89,SETPOINT_NUDGE,
2026-01-09 09:08:50+00:00,PM1,OP05,MACHINE_SPEED_SP,900.0,881.31,SETPOINT_NUDGE,
2026-01-09 09:10:15+00:00,PM1,OP05,STOCK_FLOW_SP,107.64,108.48,SETPOINT_NUDGE,
2026-01-09 04:00:15+00:00,PM1,OP03,MACHINE_SPEED_SP,900.0,882.39,SETPOINT_NUDGE,
2026-01-09 04:04:40+00:00,PM1,OP05,STOCK_FLOW_SP,101.57,100.36,SETPOINT_NUDGE,
2026-01-09 04:06:50+00:00,PM1,OP03,MACHINE_SPEED_SP,900.0,887.48,SETPOINT_NUDGE,
2026-01-09 04:08:30+00:00,PM1,OP02,STOCK_FLOW_SP,110.68,113.02,SETPOINT_NUDGE,
2026-01-09 04:10:05+00:00,PM1,OP02,STOCK_FLOW_SP,113.4,114.98,SETPOINT_NUDGE,
2026-01-10 01:00:20+00:00,PM1,OP05,STOCK_FLOW_SP,100.01,101.37,SETPOINT_NUDGE,
2026-01-10 01:04:30+00:00,PM1,OP02,STOCK_FLOW_SP,101.3,98.63,SETPOINT_NUDGE,
2026-01-10 01:07:30+00:00,PM1,OP04,STOCK_FLOW_SP,108.25,110.83,SETPOINT_NUDGE,
2026-01-10 01:09:00+00:00,PM1,OP02,MACHINE_SPEED_SP,900.0,877.42,SETPOINT_NUDGE,
2026-01-10 01:11:00+00:00,PM1,OP04,MACHINE_SPEED_SP,900.0,885.48,SETPOINT_NUDGE,
2026-01-10 07:07:20+00:00,PM1,OP01,STOCK_FLOW_SP,104.41,105.57,SETPOINT_NUDGE,
2026-01-10 07:08:45+00:00,PM1,OP05,STOCK_FLOW_SP,106.33,108.09,SETPOINT_NUDGE,
2026-01-10 07:10:30+00:00,PM1,OP05,STOCK_FLOW_SP,107.75,109.2,SETPOINT_NUDGE,
2026-01-10 22:00:20+00:00,PM1,OP02,STOCK_FLOW_SP,113.9,115.39,SETPOINT_NUDGE,
2026-01-10 22:03:55+00:00,PM1,OP03,STOCK_FLOW_SP,113.4,116.53,SETPOINT_NUDGE,
2026-01-10 22:05:25+00:00,PM1,OP05,MACHINE_SPEED_SP,900.0,872.65,SETPOINT_NUDGE,
2026-01-10 22:06:55+00:00,PM1,OP04,STOCK_FLOW_SP,107.18,108.86,SETPOINT_NUDGE,
2026-01-10 22:09:00+00:00,PM1,OP01,STOCK_FLOW_SP,102.18,100.89,SETPOINT_NUDGE,
2026-01-10 22:10:35+00:00,PM1,OP01,STOCK_FLOW_SP,100.12,98.62,SETPOINT_NUDGE,
2026-01-10 22:14:05+00:00,PM1,OP01,MACHINE_SPEED_SP,900.0,904.48,SETPOINT_NUDGE,
2026-01-10 22:02:40+00:00,PM1,OP03,MACHINE_SPEED_SP,900.0,904.74,SETPOINT_NUDGE,
2026-01-10 22:04:15+00:00,PM1,OP01,STOCK_FLOW_SP,96.88,94.09,SETPOINT_NUDGE,
2026-01-10 22:06:35+00:00,PM1,OP04,STOCK_FLOW_SP,103.37,104.91,SETPOINT_NUDGE,
2026-01-10 22:08:00+00:00,PM1,OP01,STOCK_FLOW_SP,108.14,104.8,SETPOINT_NUDGE,
2026-01-10 22:09:30+00:00,PM1,OP03,STOCK_FLOW_SP,112.22,109.01,SETPOINT_NUDGE,
2026-01-10 22:10:55+00:00,PM1,OP02,STOCK_FLOW_SP,113.9,111.03,SETPOINT_NUDGE,
2026-01-10 22:12:20+00:00,PM1,OP05,MACHINE_SPEED_SP,900.0,926.67,SETPOINT_NUDGE,
2026-01-10 22:13:50+00:00,PM1,OP03,STOCK_FLOW_SP,113.9,110.7,SETPOINT_NUDGE,
2026-01-10 22:15:20+00:00,PM1,OP04,MACHINE_SPEED_SP,900.0,924.47,SETPOINT_NUDGE,
2026-01-10 22:16:45+00:00,PM1,OP01,STOCK_FLOW_SP,113.9,111.19,SETPOINT_NUDGE,
2026-01-10 22:18:15+00:00,PM1,OP04,STOCK_FLOW_SP,113.9,111.23,SETPOINT_NUDGE,
2026-01-10 22:20:10+00:00,PM1,OP03,STOCK_FLOW_SP,113.9,110.89,SETPOINT_NUDGE,
2026-01-10 22:21:45+00:00,PM1,OP02,MACHINE_SPEED_SP,900.0,925.02,SETPOINT_NUDGE,
2026-01-11 16:03:55+00:00,PM1,OP03,MACHINE_SPEED_SP,900.0,885.54,SETPOINT_NUDGE,
2026-01-11 16:05:20+00:00,PM1,OP05,MACHINE_SPEED_SP,900.0,888.8,SETPOINT_NUDGE,
2026-01-11 16:08:55+00:00,PM1,OP01,STOCK_FLOW_SP,96.41,94.09,SETPOINT_NUDGE,
2026-01-11 16:10:50+00:00,PM1,OP03,STOCK_FLOW_SP,95.69,95.33,SETPOINT_NUDGE,
2026-01-11 16:14:50+00:00,PM1,OP03,STOCK_FLOW_SP,95.68,95.24,SETPOINT_NUDGE,
2026-01-11 19:00:15+00:00,PM1,OP03,STOCK_FLOW_SP,107.83,108.12,SETPOINT_NUDGE,
2026-01-11 19:04:05+00:00,PM1,OP05,MACHINE_SPEED_SP,900.0,872.11,SETPOINT_NUDGE,
2026-01-11 19:05:30+00:00,PM1,OP05,MACHINE_SPEED_SP,900.0,877.7,SETPOINT_NUDGE,
2026-01-11 19:08:15+00:00,PM1,OP05,STOCK_FLOW_SP,99.0,98.08,SETPOINT_NUDGE,
2026-01-11 19:10:00+00:00,PM1,OP03,STOCK_FLOW_SP,96.2,94.54,SETPOINT_NUDGE,
2026-01-11 19:15:45+00:00,PM1,OP03,MACHINE_SPEED_SP,900.0,904.61,SETPOINT_NUDGE,
2026-01-11 19:21:55+00:00,PM1,OP01,STOCK_FLOW_SP,95.68,96.41,SETPOINT_NUDGE,
2026-01-12 02:00:55+00:00,PM1,OP04,MACHINE_SPEED_SP,900.0,894.31,SETPOINT_NUDGE,
2026-01-12 02:02:45+00:00,PM1,OP03,MACHINE_SPEED_SP,900.0,906.73,SETPOINT_NUDGE,
2026-01-12 02:04:10+00:00,PM1,OP03,STOCK_FLOW_SP,100.46,98.34,SETPOINT_NUDGE,
2026-01-12 02:06:25+00:00,PM1,OP03,STOCK_FLOW_SP,103.07,105.62,SETPOINT_NUDGE,
2026-01-12 02:07:55+00:00,PM1,OP05,MACHINE_SPEED_SP,900.0,870.43,SETPOINT_NUDGE,
2026-01-12 02:09:20+00:00,PM1,OP03,STOCK_FLOW_SP,106.96,110.02,SETPOINT_NUDGE,
2026-01-12 02:10:55+00:00,PM1,OP05,STOCK_FLOW_SP,107.83,111.04,SETPOINT_NUDGE,
2026-01-12 02:12:30+00:00,PM1,OP04,STOCK_FLOW_SP,107.83,110.49,SETPOINT_NUDGE,
2026-01-12 02:14:20+00:00,PM1,OP03,MACHINE_SPEED_SP,900.0,874.08,SETPOINT_NUDGE,
2026-01-12 02:15:50+00:00,PM1,OP04,STOCK_FLOW_SP,107.83,110.99,SETPOINT_NUDGE,
2026-01-12 02:17:30+00:00,PM1,OP02,MACHINE_SPEED_SP,900.0,870.93,SETPOINT_NUDGE,
2026-01-12 02:19:05+00:00,PM1,OP05,STOCK_FLOW_SP,107.83,110.87,SETPOINT_NUDGE,
2026-01-12 02:20:30+00:00,PM1,OP03,MACHINE_SPEED_SP,900.0,874.55,SETPOINT_NUDGE,
2026-01-12 02:21:55+00:00,PM1,OP03,STOCK_FLOW_SP,107.83,110.68,SETPOINT_NUDGE,
2026-01-12 16:00:10+00:00,PM1,OP05,MACHINE_SPEED_SP,900.0,894.58,SETPOINT_NUDGE,
2026-01-12 16:04:30+00:00,PM1,OP02,MACHINE_SPEED_SP,900.0,885.08,SETPOINT_NUDGE,
2026-01-12 16:06:05+00:00,PM1,OP04,MACHINE_SPEED_SP,900.0,,SETPOINT_NUDGE,
2026-01-12 16:07:50+00:00,PM1,OP01,STOCK_FLOW_SP,101.99,98.37,SETPOINT_NUDGE,
2026-01-12 16:09:15+00:00,PM1,OP01,STOCK_FLOW_SP,97.91,95.34,SETPOINT_NUDGE,
2026-01-12 16:11:00+00:00,PM1,OP02,MACHINE_SPEED_SP,900.0,931.64,SETPOINT_NUDGE,
2026-01-12 16:12:35+00:00,PM1,OP04,MACHINE_SPEED_SP,900.0,929.53,SETPOINT_NUDGE,
2026-01-12 16:14:35+00:00,PM1,OP02,MACHINE_SPEED_SP,900.0,930.14,SETPOINT_NUDGE,
2026-01-12 16:16:10+00:00,PM1,OP04,STOCK_FLOW_SP,95.68,93.06,SETPOINT_NUDGE,
2026-01-12 16:17:45+00:00,PM1,OP03,STOCK_FLOW_SP,95.68,92.12,SETPOINT_NUDGE,
2026-01-12 16:19:15+00:00,PM1,OP02,MACHINE_SPEED_SP,900.0,926.55,SETPOINT_NUDGE,
2026-01-12 16:20:45+00:00,PM1,OP02,MACHINE_SPEED_SP,900.0,931.09,SETPOINT_NUDGE,
2026-01-12 19:07:45+00:00,PM1,OP03,MACHINE_SPEED_SP,900.0,877.04,SETPOINT_NUDGE,
2026-01-12 19:09:25+00:00,PM1,OP03,STOCK_FLOW_SP,113.29,115.8,SETPOINT_NUDGE,
2026-01-12 19:11:05+00:00,PM1,OP02,STOCK_FLOW_SP,113.9,114.52,SETPOINT_NUDGE,
2026-01-13 10:04:55+00:00,PM1,OP03,STOCK_FLOW_SP,106.7,110.32,SETPOINT_NUDGE,
2026-01-13 10:06:35+00:00,PM1,OP03,MACHINE_SPEED_SP,900.0,864.34,SETPOINT_NUDGE,
2026-01-13 10:08:15+00:00,PM1,OP02,MACHINE_SPEED_SP,900.0,880.73,SETPOINT_NUDGE,
2026-01-13 10:10:00+00:00,PM1,OP03,STOCK_FLOW_SP,100.35,103.49,SETPOINT_NUDGE,
2026-01-13 11:00:10+00:00,PM1,OP01,STOCK_FLOW_SP,95.68,92.85,SETPOINT_NUDGE,
2026-01-13 11:02:45+00:00,PM1,OP04,MACHINE_SPEED_SP,900.0,904.48,SETPOINT_NUDGE,
2026-01-13 11:06:10+00:00,PM1,OP01,STOCK_FLOW_SP,99.89,101.46,SETPOINT_NUDGE,
2026-01-13 11:08:05+00:00,PM1,OP02,MACHINE_SPEED_SP,900.0,882.88,SETPOINT_NUDGE,
2026-01-13 11:09:40+00:00,PM1,OP04,STOCK_FLOW_SP,106.93,110.16,SETPOINT_NUDGE,
2026-01-13 11:11:10+00:00,PM1,OP03,MACHINE_SPEED_SP,900.0,884.24,SETPOINT_NUDGE,
2026-01-13 11:13:05+00:00,PM1,OP04,STOCK_FLOW_SP,107.83,108.47,SETPOINT_NUDGE,
2026-01-13 16:04:15+00:00,PM1,OP04,MACHINE_SPEED_SP,900.0,875.8,SETPOINT_NUDGE,
2026-01-13 16:05:55+00:00,PM1,OP05,MACHINE_SPEED_SP,900.0,889.07,SETPOINT_NUDGE,
2026-01-13 16:08:30+00:00,PM1,OP03,MACHINE_SPEED_SP,900.0,927.87,SETPOINT_NUDGE,
2026-01-13 16:10:10+00:00,PM1,OP05,STOCK_FLOW_SP,100.43,98.27,SETPOINT_NUDGE,
2026-01-13 16:18:45+00:00,PM1,OP02,MACHINE_SPEED_SP,900.0,904.36,SETPOINT_NUDGE,
2026-01-14 15:00:20+00:00,PM1,OP02,STOCK_FLOW_SP,95.68,96.27,SETPOINT_NUDGE,
2026-01-14 15:03:05+00:00,PM1,OP04,MACHINE_SPEED_SP,900.0,897.19,SETPOINT_NUDGE,
2026-01-14 15:04:45+00:00,PM1,OP05,STOCK_FLOW_SP,97.17,94.46,SETPOINT_NUDGE,
2026-01-14 15:07:00+00:00,PM1,OP02,STOCK_FLOW_SP,101.76,103.1,SETPOINT_NUDGE,
2026-01-14 15:08:35+00:00,PM1,OP01,STOCK_FLOW_SP,105.18,108.25,SETPOINT_NUDGE,
2026-01-14 15:10:10+00:00,PM1,OP05,STOCK_FLOW_SP,107.47,108.42,SETPOINT_NUDGE,
2026-01-14 10:00:50+00:00,PM1,OP05,STOCK_FLOW_SP,95.68,98.47,SETPOINT_NUDGE,
2026-01-14 10:05:25+00:00,PM1,OP01,STOCK_FLOW_SP,98.34,100.06,SETPOINT_NUDGE,
2026-01-14 10:06:50+00:00,PM1,OP05,STOCK_FLOW_SP,101.38,103.9,SETPOINT_NUDGE,
2026-01-14 10:08:35+00:00,PM1,OP04,STOCK_FLOW_SP,105.18,107.33,SETPOINT_NUDGE,
2026-01-14 10:10:35+00:00,PM1,OP01,MACHINE_SPEED_SP,900.0,875.14,SETPOINT_NUDGE,
2026-01-14 10:12:15+00:00,PM1,OP02,STOCK_FLOW_SP,107.83,108.53,SETPOINT_NUDGE,
2026-01-15 00:04:25+00:00,PM1,OP04,STOCK_FLOW_SP,96.04,94.73,SETPOINT_NUDGE,
2026-01-15 00:06:40+00:00,PM1,OP02,STOCK_FLOW_SP,97.58,98.8,SETPOINT_NUDGE,
2026-01-15 00:09:05+00:00,PM1,OP05,STOCK_FLOW_SP,99.39,99.94,SETPOINT_NUDGE,
2026-01-15 00:10:45+00:00,PM1,OP03,STOCK_FLOW_SP,100.0,,SETPOINT_NUDGE,
2026-01-15 00:12:15+00:00,PM1,OP05,MACHINE_SPEED_SP,900.0,928.47,SETPOINT_NUDGE,
2026-01-15 00:13:50+00:00,PM1,OP01,STOCK_FLOW_SP,100.01,96.92,SETPOINT_NUDGE,
2026-01-15 00:15:25+00:00,PM1,OP01,STOCK_FLOW_SP,100.01,97.29,SETPOINT_NUDGE,
2026-01-15 00:17:05+00:00,PM1,OP01,STOCK_FLOW_SP,100.01,97.4,SETPOINT_NUDGE,
2026-01-15 00:18:45+00:00,PM1,OP03,STOCK_FLOW_SP,100.01,97.09,SETPOINT_NUDGE,
2026-01-15 00:20:15+00:00,PM1,OP01,MACHINE_SPEED_SP,900.0,928.36,SETPOINT_NUDGE,
2026-01-15 00:21:55+00:00,PM1,OP05,MACHINE_SPEED_SP,900.0,930.53,SETPOINT_NUDGE,
2026-01-15 04:00:25+00:00,PM1,OP03,STOCK_FLOW_SP,100.01,100.4,SETPOINT_NUDGE,
2026-01-15 04:02:15+00:00,PM1,OP01,STOCK_FLOW_SP,100.01,100.78,SETPOINT_NUDGE,
2026-01-15 04:03:45+00:00,PM1,OP05,STOCK_FLOW_SP,100.21,99.02,SETPOINT_NUDGE,
2026-01-15 04:05:15+00:00,PM1,OP05,STOCK_FLOW_SP,101.52,104.89,SETPOINT_NUDGE,
2026-01-15 04:06:40+00:00,PM1,OP04,STOCK_FLOW_SP,103.44,106.76,SETPOINT_NUDGE,
2026-01-15 04:08:15+00:00,PM1,OP01,STOCK_FLOW_SP,105.7,109.04,SETPOINT_NUDGE,
2026-01-15 04:09:50+00:00,PM1,OP04,MACHINE_SPEED_SP,900.0,875.94,SETPOINT_NUDGE,
2026-01-15 04:15:10+00:00,PM1,OP05,STOCK_FLOW_SP,107.83,108.73,SETPOINT_NUDGE,
2026-01-15 04:21:25+00:00,PM1,OP05,STOCK_FLOW_SP,107.83,108.98,SETPOINT_NUDGE,
2026-01-15 14:04:05+00:00,PM1,OP04,STOCK_FLOW_SP,96.59,93.37,SETPOINT_NUDGE,
2026-01-15 14:06:40+00:00,PM1,OP04,MACHINE_SPEED_SP,900.0,886.78,SETPOINT_NUDGE,
2026-01-15 14:08:10+00:00,PM1,OP04,STOCK_FLOW_SP,108.67,112.07,SETPOINT_NUDGE,
2026-01-15 14:09:50+00:00,PM1,OP04,MACHINE_SPEED_SP,900.0,876.3,SETPOINT_NUDGE,
2026-01-16 03:04:00+00:00,PM1,OP02,STOCK_FLOW_SP,113.31,116.2,SETPOINT_NUDGE,
2026-01-16 03:05:25+00:00,PM1,OP03,STOCK_FLOW_SP,110.87,113.87,SETPOINT_NUDGE,
2026-01-16 03:07:05+00:00,PM1,OP03,MACHINE_SPEED_SP,900.0,892.33,SETPOINT_NUDGE,
2026-01-16 03:08:35+00:00,PM1,OP04,STOCK_FLOW_SP,103.05,102.47,SETPOINT_NUDGE,
2026-01-16 03:10:00+00:00,PM1,OP02,MACHINE_SPEED_SP,900.0,913.79,SETPOINT_NUDGE,
2026-01-16 03:17:50+00:00,PM1,OP02,MACHINE_SPEED_SP,900.0,895.32,SETPOINT_NUDGE,
2026-01-16 10:00:40+00:00,PM1,OP05,STOCK_FLOW_SP,107.83,108.27,SETPOINT_NUDGE,
2026-01-16 10:04:10+00:00,PM1,OP05,MACHINE_SPEED_SP,900.0,886.85,SETPOINT_NUDGE,
2026-01-16 10:05:45+00:00,PM1,OP01,STOCK_FLOW_SP,105.7,106.87,SETPOINT_NUDGE,
2026-01-16 10:07:50+00:00,PM1,OP01,MACHINE_SPEED_SP,900.0,904.06,SETPOINT_NUDGE,
2026-01-16 10:09:40+00:00,PM1,OP04,STOCK_FLOW_SP,100.59,99.44,SETPOINT_NUDGE,
2026-01-16 10:11:25+00:00,PM1,OP01,STOCK_FLOW_SP,100.01,99.63,SETPOINT_NUDGE,
2026-01-16 10:13:25+00:00,PM1,OP04,MACHINE_SPEED_SP,900.0,895.27,SETPOINT_NUDGE,
2026-01-16 10:14:55+00:00,PM1,OP05,MACHINE_SPEED_SP,900.0,903.51,SETPOINT_NUDGE,
2026-01-16 10:17:30+00:00,PM1,OP05,MACHINE_SPEED_SP,900.0,912.22,SETPOINT_NUDGE,
2026-01-17 02:04:35+00:00,PM1,OP01,STOCK_FLOW_SP,113.29,114.79,SETPOINT_NUDGE,
2026-01-17 02:06:05+00:00,PM1,OP01,STOCK_FLOW_SP,111.89,112.79,SETPOINT_NUDGE,
2026-01-17 02:08:45+00:00,PM1,OP01,STOCK_FLOW_SP,109.01,107.88,SETPOINT_NUDGE,
2026-01-17 02:10:35+00:00,PM1,OP02,MACHINE_SPEED_SP,900.0,904.46,SETPOINT_NUDGE,
2026-01-17 12:06:10+00:00,PM1,OP02,STOCK_FLOW_SP,99.89,101.27,SETPOINT_NUDGE,
2026-01-17 12:07:55+00:00,PM1,OP03,STOCK_FLOW_SP,103.81,106.01,SETPOINT_NUDGE,
2026-01-17 12:09:30+00:00,PM1,OP04,STOCK_FLOW_SP,106.71,109.51,SETPOINT_NUDGE,
2026-01-17 12:11:25+00:00,PM1,OP05,STOCK_FLOW_SP,107.83,108.89,SETPOINT_NUDGE,
2026-01-17 16:00:25+00:00,PM1,OP04,STOCK_FLOW_SP,107.83,105.66,SETPOINT_NUDGE,
2026-01-17 16:04:10+00:00,PM1,OP01,MACHINE_SPEED_SP,900.0,893.5,SETPOINT_NUDGE,
2026-01-17 16:05:55+00:00,PM1,OP02,MACHINE_SPEED_SP,900.0,886.89,SETPOINT_NUDGE,
2026-01-17 16:07:30+00:00,PM1,OP02,STOCK_FLOW_SP,103.19,105.85,SETPOINT_NUDGE,
2026-01-17 16:08:55+00:00,PM1,OP03,MACHINE_SPEED_SP,900.0,870.94,SETPOINT_NUDGE,
2026-01-17 16:15:55+00:00,PM1,OP03,MACHINE_SPEED_SP,900.0,909.27,SETPOINT_NUDGE,
2026-01-18 07:00:35+00:00,PM1,OP01,STOCK_FLOW_SP,107.83,107.12,SETPOINT_NUDGE,
2026-01-18 07:04:00+00:00,PM1,OP03,MACHINE_SPEED_SP,900.0,886.88,SETPOINT_NUDGE,
2026-01-18 07:05:40+00:00,PM1,OP03,STOCK_FLOW_SP,104.68,106.55,SETPOINT_NUDGE,
2026-01-18 07:08:10+00:00,PM1,OP03,MACHINE_SPEED_SP,900.0,913.88,SETPOINT_NUDGE,
2026-01-18 07:09:50+00:00,PM1,OP01,STOCK_FLOW_SP,96.38,94.13,SETPOINT_NUDGE,
2026-01-18 07:19:20+00:00,PM1,OP04,STOCK_FLOW_SP,95.68,95.21,SETPOINT_NUDGE,
2026-01-18 07:21:20+00:00,PM1,OP03,STOCK_FLOW_SP,95.68,96.03,SETPOINT_NUDGE,
2026-01-18 09:00:30+00:00,PM1,OP05,STOCK_FLOW_SP,100.01,100.99,SETPOINT_NUDGE,
2026-01-18 09:03:45+00:00,PM1,OP01,MACHINE_SPEED_SP,900.0,909.76,SETPOINT_NUDGE,
2026-01-18 09:05:20+00:00,PM1,OP05,MACHINE_SPEED_SP,900.0,911.63,SETPOINT_NUDGE,
2026-01-18 09:08:00+00:00,PM1,OP04,STOCK_FLOW_SP,105.36,106.31,SETPOINT_NUDGE,
2026-01-18 09:10:05+00:00,PM1,OP03,MACHINE_SPEED_SP,900.0,893.1,SETPOINT_NUDGE,
2026-01-18 09:11:55+00:00,PM1,OP05,STOCK_FLOW_SP,107.83,108.48,SETPOINT_NUDGE,
2026-01-18 09:15:00+00:00,PM1,OP02,STOCK_FLOW_SP,107.83,108.58,SETPOINT_NUDGE,
2026-01-18 09:20:05+00:00,PM1,OP05,STOCK_FLOW_SP,107.83,108.79,SETPOINT_NUDGE,
2026-01-18 21:00:10+00:00,PM1,OP05,MACHINE_SPEED_SP,900.0,883.12,SETPOINT_NUDGE,
2026-01-18 21:05:05+00:00,PM1,OP01,MACHINE_SPEED_SP,900.0,885.03,SETPOINT_NUDGE,
2026-01-18 21:06:30+00:00,PM1,OP02,STOCK_FLOW_SP,102.89,107.18,SETPOINT_NUDGE,
2026-01-18 21:08:50+00:00,PM1,OP01,MACHINE_SPEED_SP,900.0,879.84,SETPOINT_NUDGE,
2026-01-18 21:10:40+00:00,PM1,OP01,MACHINE_SPEED_SP,900.0,872.27,SETPOINT_NUDGE,
2026-01-18 21:12:55+00:00,PM1,OP01,MACHINE_SPEED_SP,900.0,898.46,SETPOINT_NUDGE,
2026-01-19 09:06:25+00:00,PM1,OP04,STOCK_FLOW_SP,106.77,104.43,SETPOINT_NUDGE,
2026-01-19 09:08:20+00:00,PM1,OP05,STOCK_FLOW_SP,100.4,97.51,SETPOINT_NUDGE,
2026-01-19 09:10:25+00:00,PM1,OP03,MACHINE_SPEED_SP,900.0,925.62,SETPOINT_NUDGE,
2026-01-19 09:12:10+00:00,PM1,OP01,STOCK_FLOW_SP,95.68,91.62,SETPOINT_NUDGE,
2026-01-19 09:14:25+00:00,PM1,OP03,STOCK_FLOW_SP,95.68,94.48,SETPOINT_NUDGE,
2026-01-19 17:00:15+00:00,PM1,OP04,STOCK_FLOW_SP,100.01,101.18,SETPOINT_NUDGE,
2026-01-19 17:04:10+00:00,PM1,OP01,MACHINE_SPEED_SP,900.0,930.3,SETPOINT_NUDGE,
2026-01-19 17:05:40+00:00,PM1,OP03,STOCK_FLOW_SP,103.61,106.67,SETPOINT_NUDGE,
2026-01-19 17:07:10+00:00,PM1,OP01,STOCK_FLOW_SP,107.39,110.06,SETPOINT_NUDGE,
2026-01-19 17:08:35+00:00,PM1,OP02,STOCK_FLOW_SP,110.87,114.16,SETPOINT_NUDGE,
2026-01-19 17:10:00+00:00,PM1,OP05,STOCK_FLOW_SP,113.31,115.9,SETPOINT_NUDGE,
2026-01-19 17:13:45+00:00,PM1,OP03,STOCK_FLOW_SP,113.9,115.1,SETPOINT_NUDGE,
2026-01-19 23:04:05+00:00,PM1,OP03,STOCK_FLOW_SP,100.41,98.59,SETPOINT_NUDGE,
2026-01-19 23:05:55+00:00,PM1,OP01,MACHINE_SPEED_SP,900.0,896.42,SETPOINT_NUDGE,
2026-01-19 23:08:05+00:00,PM1,OP05,STOCK_FLOW_SP,105.47,108.01,SETPOINT_NUDGE,
2026-01-19 23:09:40+00:00,PM1,OP04,MACHINE_SPEED_SP,900.0,887.59,SETPOINT_NUDGE,
2026-01-20 14:05:55+00:00,PM1,OP03,MACHINE_SPEED_SP,900.0,896.1,SETPOINT_NUDGE,
2026-01-20 14:07:40+00:00,PM1,OP02,STOCK_FLOW_SP,97.31,94.99,SETPOINT_NUDGE,
2026-01-20 14:09:35+00:00,PM1,OP04,STOCK_FLOW_SP,96.04,93.99,SETPOINT_NUDGE,
2026-01-20 14:11:10+00:00,PM1,OP04,STOCK_FLOW_SP,95.68,94.35,SETPOINT_NUDGE,
2026-01-20 14:13:20+00:00,PM1,OP02,STOCK_FLOW_SP,95.68,96.76,SETPOINT_NUDGE,
2026-01-20 10:00:20+00:00,PM1,OP04,STOCK_FLOW_SP,107.83,107.09,SETPOINT_NUDGE,
2026-01-20 10:06:20+00:00,PM1,OP01,STOCK_FLOW_SP,104.89,102.06,SETPOINT_NUDGE,
2026-01-20 10:08:10+00:00,PM1,OP05,MACHINE_SPEED_SP,900.0,913.97,SETPOINT_NUDGE,
2026-01-20 10:10:20+00:00,PM1,OP01,STOCK_FLOW_SP,100.17,97.85,SETPOINT_NUDGE,
2026-01-21 04:03:55+00:00,PM1,OP04,STOCK_FLOW_SP,113.4,116.42,SETPOINT_NUDGE,
2026-01-21 04:05:25+00:00,PM1,OP02,STOCK_FLOW_SP,110.87,114.24,SETPOINT_NUDGE,
2026-01-21 04:07:15+00:00,PM1,OP04,MACHINE_SPEED_SP,900.0,893.48,SETPOINT_NUDGE,
2026-01-21 04:08:55+00:00,PM1,OP04,STOCK_FLOW_SP,102.35,100.33,SETPOINT_NUDGE,
2026-01-21 04:10:30+00:00,PM1,OP05,MACHINE_SPEED_SP,900.0,915.09,SETPOINT_NUDGE,
2026-01-21 04:15:20+00:00,PM1,OP03,MACHINE_SPEED_SP,900.0,886.33,SETPOINT_NUDGE,
2026-01-21 04:21:10+00:00,PM1,OP04,STOCK_FLOW_SP,100.01,99.51,SETPOINT_NUDGE,
2026-01-21 16:00:15+00:00,PM1,OP03,STOCK_FLOW_SP,113.9,112.44,SETPOINT_NUDGE,
2026-01-21 16:03:50+00:00,PM1,OP03,STOCK_FLOW_SP,113.48,116.55,SETPOINT_NUDGE,
2026-01-21 16:05:25+00:00,PM1,OP05,MACHINE_SPEED_SP,900.0,875.46,SETPOINT_NUDGE,
2026-01-21 16:07:20+00:00,PM1,OP02,STOCK_FLOW_SP,106.09,106.5,SETPOINT_NUDGE,
2026-01-21 16:08:45+00:00,PM1,OP04,STOCK_FLOW_SP,102.69,101.48,SETPOINT_NUDGE,
2026-01-21 16:10:20+00:00,PM1,OP03,STOCK_FLOW_SP,100.29,99.09,SETPOINT_NUDGE,
2026-01-21 16:12:20+00:00,PM1,OP01,STOCK_FLOW_SP,100.01,100.89,SETPOINT_NUDGE,
2026-01-21 16:14:15+00:00,PM1,OP02,MACHINE_SPEED_SP,900.0,913.41,SETPOINT_NUDGE,
2026-01-21 16:18:35+00:00,PM1,OP05,STOCK_FLOW_SP,100.01,99.43,SETPOINT_NUDGE,
2026-01-22 04:02:55+00:00,PM1,OP01,MACHINE_SPEED_SP,900.0,896.86,SETPOINT_NUDGE,
2026-01-22 04:04:25+00:00,PM1,OP02,MACHINE_SPEED_SP,900.0,928.47,SETPOINT_NUDGE,
2026-01-22 04:05:55+00:00,PM1,OP01,STOCK_FLOW_SP,104.21,103.71,SETPOINT_NUDGE,
2026-01-22 04:07:25+00:00,PM1,OP03,STOCK_FLOW_SP,108.04,110.86,SETPOINT_NUDGE,
2026-01-22 04:08:55+00:00,PM1,OP02,STOCK_FLOW_SP,111.57,113.02,SETPOINT_NUDGE,
2026-01-22 04:10:20+00:00,PM1,OP04,STOCK_FLOW_SP,113.63,115.43,SETPOINT_NUDGE,
2026-01-22 04:12:05+00:00,PM1,OP05,STOCK_FLOW_SP,113.9,117.16,SETPOINT_NUDGE,
2026-01-22 04:13:30+00:00,PM1,OP03,STOCK_FLOW_SP,113.9,117.18,SETPOINT_NUDGE,
2026-01-22 04:15:05+00:00,PM1,OP05,STOCK_FLOW_SP,113.9,114.92,SETPOINT_NUDGE,
2026-01-22 04:19:30+00:00,PM1,OP01,STOCK_FLOW_SP,113.9,114.84,SETPOINT_NUDGE,
2026-01-22 04:21:20+00:00,PM1,OP03,STOCK_FLOW_SP,113.9,114.59,SETPOINT_NUDGE,
2026-01-22 12:07:45+00:00,PM1,OP04,STOCK_FLOW_SP,110.03,108.15,SETPOINT_NUDGE,
2026-01-22 12:09:25+00:00,PM1,OP05,MACHINE_SPEED_SP,900.0,918.69,SETPOINT_NUDGE,
2026-01-22 12:11:00+00:00,PM1,OP03,STOCK_FLOW_SP,107.83,106.26,SETPOINT_NUDGE,
2026-01-22 12:16:40+00:00,PM1,OP04,STOCK_FLOW_SP,107.83,107.34,SETPOINT_NUDGE,
2026-01-22 12:19:40+00:00,PM1,OP02,STOCK_FLOW_SP,107.83,107.41,SETPOINT_NUDGE,
2026-01-22 15:04:55+00:00,PM1,OP03,STOCK_FLOW_SP,96.31,95.22,SETPOINT_NUDGE,
2026-01-22 15:07:30+00:00,PM1,OP05,STOCK_FLOW_SP,98.25,100.32,SETPOINT_NUDGE,
2026-01-22 15:09:05+00:00,PM1,OP02,MACHINE_SPEED_SP,900.0,883.99,SETPOINT_NUDGE,
2026-01-22 15:15:40+00:00,PM1,OP03,MACHINE_SPEED_SP,900.0,896.11,SETPOINT_NUDGE,
2026-01-22 17:00:30+00:00,PM1,OP05,STOCK_FLOW_SP,113.9,115.41,SETPOINT_NUDGE,
2026-01-22 17:03:40+00:00,PM1,OP05,STOCK_FLOW_SP,113.63,114.57,SETPOINT_NUDGE,
2026-01-22 17:05:15+00:00,PM1,OP03,MACHINE_SPEED_SP,900.0,874.47,SETPOINT_NUDGE,
2026-01-22 17:06:55+00:00,PM1,OP05,MACHINE_SPEED_SP,900.0,894.85,SETPOINT_NUDGE,
2026-01-22 17:08:35+00:00,PM1,OP03,STOCK_FLOW_SP,103.05,101.2,SETPOINT_NUDGE,
2026-01-22 17:10:10+00:00,PM1,OP02,MACHINE_SPEED_SP,900.0,912.37,SETPOINT_NUDGE,
2026-01-22 17:17:05+00:00,PM1,OP03,STOCK_FLOW_SP,100.01,100.41,SETPOINT_NUDGE,
2026-01-22 17:19:00+00:00,PM1,OP02,MACHINE_SPEED_SP,900.0,891.47,SETPOINT_NUDGE,
2026-01-22 17:21:00+00:00,PM1,OP03,MACHINE_SPEED_SP,900.0,903.17,SETPOINT_NUDGE,
2026-01-23 05:00:15+00:00,PM1,OP03,STOCK_FLOW_SP,107.83,105.99,SETPOINT_NUDGE,
2026-01-23 05:03:55+00:00,PM1,OP05,MACHINE_SPEED_SP,900.0,872.78,SETPOINT_NUDGE,
2026-01-23 05:05:20+00:00,PM1,OP04,STOCK_FLOW_SP,105.34,108.17,SETPOINT_NUDGE,
2026-01-23 05:08:10+00:00,PM1,OP04,STOCK_FLOW_SP,99.17,97.83,SETPOINT_NUDGE,
2026-01-23 05:09:40+00:00,PM1,OP01,STOCK_FLOW_SP,96.58,96.16,SETPOINT_NUDGE,
2026-01-23 05:15:05+00:00,PM1,OP01,STOCK_FLOW_SP,95.68,96.2,SETPOINT_NUDGE,
2026-01-23 05:17:30+00:00,PM1,OP04,STOCK_FLOW_SP,95.68,96.81,SETPOINT_NUDGE,
2026-01-23 05:21:55+00:00,PM1,OP03,MACHINE_SPEED_SP,900.0,897.33,SETPOINT_NUDGE,
2026-01-23 11:01:50+00:00,PM1,OP01,STOCK_FLOW_SP,95.68,96.07,SETPOINT_NUDGE,
2026-01-23 11:03:50+00:00,PM1,OP04,STOCK_FLOW_SP,95.81,94.53,SETPOINT_NUDGE,
2026-01-23 11:05:20+00:00,PM1,OP01,STOCK_FLOW_SP,96.57,95.05,SETPOINT_NUDGE,
2026-01-23 11:08:50+00:00,PM1,OP05,MACHINE_SPEED_SP,900.0,885.18,SETPOINT_NUDGE,
2026-01-23 11:11:05+00:00,PM1,OP02,MACHINE_SPEED_SP,900.0,892.07,SETPOINT_NUDGE,
2026-01-23 11:17:30+00:00,PM1,OP05,STOCK_FLOW_SP,100.01,99.21,SETPOINT_NUDGE,
2026-01-23 11:19:10+00:00,PM1,OP01,STOCK_FLOW_SP,100.01,99.47,SETPOINT_NUDGE,
2026-01-23 11:21:15+00:00,PM1,OP03,STOCK_FLOW_SP,100.01,100.33,SETPOINT_NUDGE,
2026-01-24 05:00:15+00:00,PM1,OP03,STOCK_FLOW_SP,100.01,100.25,SETPOINT_NUDGE,
2026-01-24 05:05:55+00:00,PM1,OP02,STOCK_FLOW_SP,98.71,97.53,SETPOINT_NUDGE,
2026-01-24 05:07:30+00:00,PM1,OP05,STOCK_FLOW_SP,97.44,93.85,SETPOINT_NUDGE,
2026-01-24 05:10:15+00:00,PM1,OP05,MACHINE_SPEED_SP,900.0,934.21,SETPOINT_NUDGE,
2026-01-24 05:12:10+00:00,PM1,OP03,STOCK_FLOW_SP,95.68,94.43,SETPOINT_NUDGE,
2026-01-24 18:04:30+00:00,PM1,OP02,STOCK_FLOW_SP,97.36,99.37,SETPOINT_NUDGE,
2026-01-24 18:06:35+00:00,PM1,OP05,STOCK_FLOW_SP,103.37,105.91,SETPOINT_NUDGE,
2026-01-24 18:08:40+00:00,PM1,OP03,MACHINE_SPEED_SP,900.0,885.53,SETPOINT_NUDGE,
2026-01-24 18:10:30+00:00,PM1,OP03,MACHINE_SPEED_SP,900.0,860.48,SETPOINT_NUDGE,
2026-01-24 18:12:00+00:00,PM1,OP03,STOCK_FLOW_SP,113.9,116.37,SETPOINT_NUDGE,
2026-01-24 21:04:05+00:00,PM1,OP01,STOCK_FLOW_SP,107.44,109.35,SETPOINT_NUDGE,
2026-01-24 21:06:20+00:00,PM1,OP05,MACHINE_SPEED_SP,900.0,894.18,SETPOINT_NUDGE,
2026-01-24 21:07:45+00:00,PM1,OP04,STOCK_FLOW_SP,102.84,101.52,SETPOINT_NUDGE,
2026-01-24 21:09:50+00:00,PM1,OP02,STOCK_FLOW_SP,100.46,98.66,SETPOINT_NUDGE,
2026-01-24 21:13:25+00:00,PM1,OP03,STOCK_FLOW_SP,100.01,99.23,SETPOINT_NUDGE,
2026-01-24 21:20:30+00:00,PM1,OP03,STOCK_FLOW_SP,100.01,99.63,SETPOINT_NUDGE,
2026-01-25 12:04:30+00:00,PM1,OP02,STOCK_FLOW_SP,96.08,95.27,SETPOINT_NUDGE,
2026-01-25 12:10:00+00:00,PM1,OP03,MACHINE_SPEED_SP,900.0,890.73,SETPOINT_NUDGE,
2026-01-25 12:21:00+00:00,PM1,OP03,MACHINE_SPEED_SP,900.0,895.46,SETPOINT_NUDGE,
2026-01-25 15:04:20+00:00,PM1,OP05,MACHINE_SPEED_SP,900.0,909.33,SETPOINT_NUDGE,
2026-01-25 15:07:05+00:00,PM1,OP04,MACHINE_SPEED_SP,900.0,894.35,SETPOINT_NUDGE,
2026-01-25 15:08:40+00:00,PM1,OP05,MACHINE_SPEED_SP,900.0,885.84,SETPOINT_NUDGE,
2026-01-25 15:10:15+00:00,PM1,OP03,MACHINE_SPEED_SP,900.0,886.03,SETPOINT_NUDGE,
2026-01-26 07:06:45+00:00,PM1,OP01,STOCK_FLOW_SP,97.64,100.15,SETPOINT_NUDGE,
2026-01-26 07:08:20+00:00,PM1,OP01,STOCK_FLOW_SP,98.89,103.24,SETPOINT_NUDGE,
2026-01-26 07:10:15+00:00,PM1,OP01,STOCK_FLOW_SP,99.91,101.58,SETPOINT_NUDGE,
2026-01-26 07:11:50+00:00,PM1,OP02,STOCK_FLOW_SP,100.01,100.78,SETPOINT_NUDGE,
2026-01-26 07:14:00+00:00,PM1,OP05,MACHINE_SPEED_SP,900.0,890.11,SETPOINT_NUDGE,
2026-01-26 05:00:15+00:00,PM1,OP02,STOCK_FLOW_SP,113.9,112.35,SETPOINT_NUDGE,
2026-01-26 05:04:00+00:00,PM1,OP04,STOCK_FLOW_SP,113.31,116.58,SETPOINT_NUDGE,
2026-01-26 05:05:30+00:00,PM1,OP01,STOCK_FLOW_SP,110.68,113.65,SETPOINT_NUDGE,
2026-01-26 05:06:55+00:00,PM1,OP05,STOCK_FLOW_SP,107.18,107.92,SETPOINT_NUDGE,
2026-01-26 05:08:35+00:00,PM1,OP05,MACHINE_SPEED_SP,900.0,909.04,SETPOINT_NUDGE,
2026-01-26 05:10:00+00:00,PM1,OP02,MACHINE_SPEED_SP,900.0,914.78,SETPOINT_NUDGE,
2026-01-26 05:17:25+00:00,PM1,OP03,STOCK_FLOW_SP,100.01,99.36,SETPOINT_NUDGE,
2026-01-26 05:19:05+00:00,PM1,OP02,MACHINE_SPEED_SP,900.0,893.1,SETPOINT_NUDGE,
2026-01-26 10:05:00+00:00,PM1,OP02,STOCK_FLOW_SP,111.73,112.27,SETPOINT_NUDGE,
2026-01-26 10:06:55+00:00,PM1,OP02,STOCK_FLOW_SP,107.18,105.33,SETPOINT_NUDGE,
2026-01-26 10:08:40+00:00,PM1,OP01,STOCK_FLOW_SP,102.87,99.0,SETPOINT_NUDGE,
2026-01-26 10:10:05+00:00,PM1,OP03,STOCK_FLOW_SP,100.52,96.41,SETPOINT_NUDGE,
2026-01-26 10:11:40+00:00,PM1,OP03,STOCK_FLOW_SP,100.01,98.68,SETPOINT_NUDGE,
2026-01-26 20:03:45+00:00,PM1,OP03,MACHINE_SPEED_SP,900.0,929.49,SETPOINT_NUDGE,
2026-01-26 20:05:10+00:00,PM1,OP01,STOCK_FLOW_SP,97.87,96.22,SETPOINT_NUDGE,
2026-01-26 20:07:30+00:00,PM1,OP04,MACHINE_SPEED_SP,900.0,888.92,SETPOINT_NUDGE,
2026-01-26 20:08:55+00:00,PM1,OP05,STOCK_FLOW_SP,105.79,107.7,SETPOINT_NUDGE,
2026-01-26 20:10:20+00:00,PM1,OP04,STOCK_FLOW_SP,107.6,109.3,SETPOINT_NUDGE,
2026-01-26 20:12:25+00:00,PM1,OP02,MACHINE_SPEED_SP,900.0,885.14,SETPOINT_NUDGE,
2026-01-26 20:19:45+00:00,PM1,OP03,STOCK_FLOW_SP,107.83,108.43,SETPOINT_NUDGE,
2026-01-27 18:05:50+00:00,PM1,OP02,STOCK_FLOW_SP,98.77,96.42,SETPOINT_NUDGE,
2026-01-27 18:07:25+00:00,PM1,OP01,STOCK_FLOW_SP,97.51,95.31,SETPOINT_NUDGE,
2026-01-27 18:09:00+00:00,PM1,OP03,STOCK_FLOW_SP,96.36,92.9,SETPOINT_NUDGE,
2026-01-27 18:11:05+00:00,PM1,OP05,STOCK_FLOW_SP,95.68,92.83,SETPOINT_NUDGE,
2026-01-27 18:13:50+00:00,PM1,OP03,STOCK_FLOW_SP,95.68,94.12,SETPOINT_NUDGE,
2026-01-27 18:15:50+00:00,PM1,OP01,STOCK_FLOW_SP,95.68,90.99,SETPOINT_NUDGE,
2026-01-27 18:18:15+00:00,PM1,OP01,STOCK_FLOW_SP,95.68,93.99,SETPOINT_NUDGE,
2026-01-27 18:08:05+00:00,PM1,OP05,STOCK_FLOW_SP,96.99,95.2,SETPOINT_NUDGE,
2026-01-27 18:09:40+00:00,PM1,OP05,STOCK_FLOW_SP,96.0,94.63,SETPOINT_NUDGE,
2026-01-28 10:04:40+00:00,PM1,OP02,STOCK_FLOW_SP,106.47,107.81,SETPOINT_NUDGE,
2026-01-28 10:07:00+00:00,PM1,OP03,STOCK_FLOW_SP,101.76,100.53,SETPOINT_NUDGE,
2026-01-28 10:09:20+00:00,PM1,OP01,MACHINE_SPEED_SP,900.0,918.49,SETPOINT_NUDGE,
2026-01-28 10:11:10+00:00,PM1,OP04,STOCK_FLOW_SP,95.68,93.61,SETPOINT_NUDGE,
2026-01-28 10:14:25+00:00,PM1,OP02,STOCK_FLOW_SP,95.68,94.81,SETPOINT_NUDGE,
2026-01-28 15:03:55+00:00,PM1,OP04,STOCK_FLOW_SP,107.39,110.73,SETPOINT_NUDGE,
2026-01-28 15:05:25+00:00,PM1,OP05,STOCK_FLOW_SP,105.18,107.55,SETPOINT_NUDGE,
2026-01-28 15:07:00+00:00,PM1,OP04,MACHINE_SPEED_SP,900.0,928.37,SETPOINT_NUDGE,
2026-01-28 15:08:35+00:00,PM1,OP01,STOCK_FLOW_SP,98.34,95.54,SETPOINT_NUDGE,
2026-01-28 15:10:05+00:00,PM1,OP03,STOCK_FLOW_SP,96.12,93.36,SETPOINT_NUDGE,
2026-01-28 15:11:30+00:00,PM1,OP03,STOCK_FLOW_SP,95.68,92.57,SETPOINT_NUDGE,
2026-01-28 15:12:55+00:00,PM1,OP05,MACHINE_SPEED_SP,900.0,930.29,SETPOINT_NUDGE,
2026-01-28 15:14:20+00:00,PM1,OP04,STOCK_FLOW_SP,95.68,92.57,SETPOINT_NUDGE,
2026-01-28 15:16:00+00:00,PM1,OP03,MACHINE_SPEED_SP,900.0,925.74,SETPOINT_NUDGE,
2026-01-28 15:17:30+00:00,PM1,OP05,MACHINE_SPEED_SP,900.0,926.14,SETPOINT_NUDGE,
2026-01-28 15:19:05+00:00,PM1,OP03,MACHINE_SPEED_SP,900.0,924.6,SETPOINT_NUDGE,
2026-01-28 15:20:35+00:00,PM1,OP01,STOCK_FLOW_SP,95.68,92.73,SETPOINT_NUDGE,
2026-01-28 15:21:55+00:00,PM1,OP03,STOCK_FLOW_SP,95.68,92.85,SETPOINT_NUDGE,
2026-01-28 17:04:25+00:00,PM1,OP03,STOCK_FLOW_SP,100.66,99.53,SETPOINT_NUDGE,
2026-01-28 17:07:05+00:00,PM1,OP01,STOCK_FLOW_SP,104.05,105.1,SETPOINT_NUDGE,
2026-01-28 17:08:45+00:00,PM1,OP01,STOCK_FLOW_SP,106.33,107.18,SETPOINT_NUDGE,
2026-01-28 17:10:15+00:00,PM1,OP03,MACHINE_SPEED_SP,900.0,888.79,SETPOINT_NUDGE,
2026-01-29 15:00:35+00:00,PM1,OP03,STOCK_FLOW_SP,100.01,100.47,SETPOINT_NUDGE,
2026-01-29 15:04:00+00:00,PM1,OP04,MACHINE_SPEED_SP,900.0,925.28,SETPOINT_NUDGE,
2026-01-29 15:05:40+00:00,PM1,OP03,STOCK_FLOW_SP,103.61,101.43,SETPOINT_NUDGE,
2026-01-29 15:07:10+00:00,PM1,OP05,STOCK_FLOW_SP,107.39,109.65,SETPOINT_NUDGE,
2026-01-29 15:08:50+00:00,PM1,OP04,MACHINE_SPEED_SP,900.0,877.68,SETPOINT_NUDGE,
2026-01-29 15:10:30+00:00,PM1,OP03,STOCK_FLOW_SP,113.75,115.03,SETPOINT_NUDGE,
2026-01-29 15:03:55+00:00,PM1,OP02,STOCK_FLOW_SP,107.39,110.07,SETPOINT_NUDGE,
2026-01-29 15:05:20+00:00,PM1,OP03,STOCK_FLOW_SP,105.34,108.5,SETPOINT_NUDGE,
2026-01-29 15:06:55+00:00,PM1,OP01,MACHINE_SPEED_SP,900.0,894.55,SETPOINT_NUDGE,
2026-01-29 15:08:30+00:00,PM1,OP02,STOCK_FLOW_SP,98.5,96.6,SETPOINT_NUDGE,
2026-01-29 15:10:15+00:00,PM1,OP05,STOCK_FLOW_SP,95.98,94.46,SETPOINT_NUDGE,
2026-01-29 15:11:50+00:00,PM1,OP01,STOCK_FLOW_SP,95.68,94.4,SETPOINT_NUDGE,
2026-01-29 15:14:00+00:00,PM1,OP03,MACHINE_SPEED_SP,900.0,906.81,SETPOINT_NUDGE,
2026-01-29 15:15:30+00:00,PM1,OP02,MACHINE_SPEED_SP,900.0,905.79,SETPOINT_NUDGE,
2026-01-30 03:00:15+00:00,PM1,OP04,MACHINE_SPEED_SP,900.0,925.62,SETPOINT_NUDGE,
2026-01-30 03:03:55+00:00,PM1,OP05,STOCK_FLOW_SP,100.52,97.28,SETPOINT_NUDGE,
2026-01-30 03:05:20+00:00,PM1,OP01,STOCK_FLOW_SP,102.87,105.85,SETPOINT_NUDGE,
2026-01-30 03:06:55+00:00,PM1,OP03,MACHINE_SPEED_SP,900.0,874.37,SETPOINT_NUDGE,
2026-01-30 03:08:30+00:00,PM1,OP02,MACHINE_SPEED_SP,900.0,874.31,SETPOINT_NUDGE,
2026-01-30 03:10:05+00:00,PM1,OP04,MACHINE_SPEED_SP,900.0,874.41,SETPOINT_NUDGE,
2026-01-30 03:13:20+00:00,PM1,OP01,STOCK_FLOW_SP,113.9,113.16,SETPOINT_NUDGE,
2026-01-30 03:19:20+00:00,PM1,OP03,STOCK_FLOW_SP,113.9,114.49,SETPOINT_NUDGE,
2026-01-30 06:00:25+00:00,PM1,OP05,STOCK_FLOW_SP,113.9,112.38,SETPOINT_NUDGE,
2026-01-30 06:04:15+00:00,PM1,OP05,STOCK_FLOW_SP,112.71,114.58,SETPOINT_NUDGE,
2026-01-30 06:06:10+00:00,PM1,OP03,STOCK_FLOW_SP,107.6,108.89,SETPOINT_NUDGE,
2026-01-30 06:07:45+00:00,PM1,OP02,STOCK_FLOW_SP,102.26,99.81,SETPOINT_NUDGE,
2026-01-30 06:09:20+00:00,PM1,OP05,STOCK_FLOW_SP,97.72,94.8,SETPOINT_NUDGE,
2026-01-30 06:10:55+00:00,PM1,OP02,MACHINE_SPEED_SP,900.0,932.0,SETPOINT_NUDGE,
2026-01-30 06:14:15+00:00,PM1,OP02,STOCK_FLOW_SP,95.68,94.89,SETPOINT_NUDGE,
2026-01-30 06:16:05+00:00,PM1,OP04,STOCK_FLOW_SP,95.68,96.68,SETPOINT_NUDGE,
2026-01-30 16:06:25+00:00,PM1,OP04,MACHINE_SPEED_SP,900.0,923.45,SETPOINT_NUDGE,
2026-01-30 16:08:15+00:00,PM1,OP04,STOCK_FLOW_SP,102.15,99.39,SETPOINT_NUDGE,
2026-01-30 16:09:55+00:00,PM1,OP03,STOCK_FLOW_SP,100.41,98.48,SETPOINT_NUDGE,
2026-01-30 16:18:05+00:00,PM1,OP01,STOCK_FLOW_SP,100.01,99.7,SETPOINT_NUDGE,
2026-01-31 03:00:30+00:00,PM1,OP02,STOCK_FLOW_SP,100.01,101.19,SETPOINT_NUDGE,
2026-01-31 03:04:00+00:00,PM1,OP05,STOCK_FLOW_SP,100.35,98.79,SETPOINT_NUDGE,
2026-01-31 03:05:35+00:00,PM1,OP03,STOCK_FLOW_SP,101.93,100.81,SETPOINT_NUDGE,
2026-01-31 03:07:10+00:00,PM1,OP01,STOCK_FLOW_SP,104.17,105.29,SETPOINT_NUDGE,
2026-01-31 03:08:45+00:00,PM1,OP02,STOCK_FLOW_SP,106.33,107.74,SETPOINT_NUDGE,
2026-01-31 03:10:20+00:00,PM1,OP04,MACHINE_SPEED_SP,900.0,885.49,SETPOINT_NUDGE,
2026-01-31 03:14:10+00:00,PM1,OP05,STOCK_FLOW_SP,107.83,108.25,SETPOINT_NUDGE,
2026-01-31 21:00:10+00:00,PM1,OP02,STOCK_FLOW_SP,100.01,97.94,SETPOINT_NUDGE,
2026-01-31 21:02:15+00:00,PM1,OP01,STOCK_FLOW_SP,100.01,99.14,SETPOINT_NUDGE,
2026-01-31 21:03:50+00:00,PM1,OP01,STOCK_FLOW_SP,100.43,97.7,SETPOINT_NUDGE,
2026-01-31 21:05:30+00:00,PM1,OP03,STOCK_FLOW_SP,103.24,101.37,SETPOINT_NUDGE,
2026-01-31 21:07:00+00:00,PM1,OP03,STOCK_FLOW_SP,106.96,107.82,SETPOINT_NUDGE,
2026-01-31 21:08:35+00:00,PM1,OP01,STOCK_FLOW_SP,110.87,112.75,SETPOINT_NUDGE,
2026-01-31 21:10:25+00:00,PM1,OP02,STOCK_FLOW_SP,113.69,114.18,SETPOINT_NUDGE,
2026-01-31 23:00:25+00:00,PM1,OP04,MACHINE_SPEED_SP,900.0,911.51,SETPOINT_NUDGE,
2026-01-31 23:02:05+00:00,PM1,OP03,STOCK_FLOW_SP,95.68,94.95,SETPOINT_NUDGE,
2026-01-31 23:04:10+00:00,PM1,OP05,STOCK_FLOW_SP,95.93,93.72,SETPOINT_NUDGE,
2026-01-31 23:05:40+00:00,PM1,OP05,MACHINE_SPEED_SP,900.0,907.83,SETPOINT_NUDGE,
2026-01-31 23:07:50+00:00,PM1,OP03,STOCK_FLOW_SP,98.51,99.81,SETPOINT_NUDGE,
2026-01-31 23:09:30+00:00,PM1,OP02,STOCK_FLOW_SP,99.61,100.44,SETPOINT_NUDGE,
2026-01-31 23:16:55+00:00,PM1,OP01,STOCK_FLOW_SP,100.01,99.44,SETPOINT_NUDGE,
2026-01-31 23:21:25+00:00,PM1,OP04,STOCK_FLOW_SP,100.01,99.58,SETPOINT_NUDGE,
2026-02-01 09:04:20+00:00,PM1,OP04,STOCK_FLOW_SP,112.88,116.12,SETPOINT_NUDGE,
2026-02-01 09:06:00+00:00,PM1,OP01,STOCK_FLOW_SP,109.51,111.46,SETPOINT_NUDGE,
2026-02-01 09:08:20+00:00,PM1,OP04,STOCK_FLOW_SP,103.61,102.41,SETPOINT_NUDGE,
2026-02-01 09:09:50+00:00,PM1,OP03,MACHINE_SPEED_SP,900.0,923.32,SETPOINT_NUDGE,
2026-02-01 09:11:45+00:00,PM1,OP02,STOCK_FLOW_SP,100.01,97.42,SETPOINT_NUDGE,
2026-02-01 09:13:20+00:00,PM1,OP01,STOCK_FLOW_SP,100.01,96.89,SETPOINT_NUDGE,
2026-02-01 09:14:55+00:00,PM1,OP01,MACHINE_SPEED_SP,900.0,921.93,SETPOINT_NUDGE,
2026-02-01 09:16:45+00:00,PM1,OP03,STOCK_FLOW_SP,100.01,96.46,SETPOINT_NUDGE,
2026-02-01 09:18:30+00:00,PM1,OP03,STOCK_FLOW_SP,100.01,96.75,SETPOINT_NUDGE,
2026-02-01 09:20:00+00:00,PM1,OP02,STOCK_FLOW_SP,100.01,96.95,SETPOINT_NUDGE,
2026-02-01 09:21:30+00:00,PM1,OP01,STOCK_FLOW_SP,100.01,96.53,SETPOINT_NUDGE,
2026-02-01 18:01:20+00:00,PM1,OP05,MACHINE_SPEED_SP,900.0,906.93,SETPOINT_NUDGE,
2026-02-01 18:04:00+00:00,PM1,OP03,STOCK_FLOW_SP,95.87,94.98,SETPOINT_NUDGE,
2026-02-01 18:07:25+00:00,PM1,OP03,STOCK_FLOW_SP,98.18,100.54,SETPOINT_NUDGE,
2026-02-01 18:09:35+00:00,PM1,OP05,MACHINE_SPEED_SP,900.0,886.88,SETPOINT_NUDGE,
2026-02-01 18:16:00+00:00,PM1,OP02,MACHINE_SPEED_SP,900.0,893.61,SETPOINT_NUDGE,
2026-02-01 20:00:15+00:00,PM1,OP05,MACHINE_SPEED_SP,900.0,909.41,SETPOINT_NUDGE,
2026-02-01 20:03:10+00:00,PM1,OP04,STOCK_FLOW_SP,95.69,94.91,SETPOINT_NUDGE,
2026-02-01 20:04:55+00:00,PM1,OP03,MACHINE_SPEED_SP,900.0,908.14,SETPOINT_NUDGE,
2026-02-01 20:07:40+00:00,PM1,OP04,STOCK_FLOW_SP,98.38,99.33,SETPOINT_NUDGE,
2026-02-01 20:09:15+00:00,PM1,OP04,MACHINE_SPEED_SP,900.0,887.86,SETPOINT_NUDGE,
2026-02-02 18:04:15+00:00,PM1,OP02,MACHINE_SPEED_SP,900.0,908.24,SETPOINT_NUDGE,
2026-02-02 18:05:50+00:00,PM1,OP01,STOCK_FLOW_SP,96.93,97.59,SETPOINT_NUDGE,
2026-02-02 18:07:25+00:00,PM1,OP03,STOCK_FLOW_SP,98.18,98.51,SETPOINT_NUDGE,
2026-02-02 18:09:00+00:00,PM1,OP04,STOCK_FLOW_SP,99.34,100.36,SETPOINT_NUDGE,
2026-02-02 18:16:20+00:00,PM1,OP03,STOCK_FLOW_SP,100.01,100.33,SETPOINT_NUDGE,
2026-02-03 00:06:30+00:00,PM1,OP03,STOCK_FLOW_SP,108.25,106.92,SETPOINT_NUDGE,
2026-02-03 00:08:00+00:00,PM1,OP03,MACHINE_SPEED_SP,900.0,922.48,SETPOINT_NUDGE,
2026-02-03 00:09:25+00:00,PM1,OP05,MACHINE_SPEED_SP,900.0,930.43,SETPOINT_NUDGE,
2026-02-03 00:11:05+00:00,PM1,OP01,STOCK_FLOW_SP,100.01,97.18,SETPOINT_NUDGE,
2026-02-03 05:00:30+00:00,PM1,OP04,STOCK_FLOW_SP,107.83,108.85,SETPOINT_NUDGE,
2026-02-03 05:04:50+00:00,PM1,OP02,STOCK_FLOW_SP,106.79,107.91,SETPOINT_NUDGE,
2026-02-03 05:07:45+00:00,PM1,OP01,MACHINE_SPEED_SP,900.0,913.73,SETPOINT_NUDGE,
2026-02-03 05:09:20+00:00,PM1,OP03,MACHINE_SPEED_SP,900.0,916.62,SETPOINT_NUDGE,
2026-02-03 05:13:40+00:00,PM1,OP02,STOCK_FLOW_SP,100.01,98.46,SETPOINT_NUDGE,
2026-02-03 05:18:00+00:00,PM1,OP04,STOCK_FLOW_SP,100.01,98.81,SETPOINT_NUDGE,
2026-02-03 07:00:25+00:00,PM1,OP01,STOCK_FLOW_SP,113.9,115.03,SETPOINT_NUDGE,
2026-02-03 07:04:00+00:00,PM1,OP01,STOCK_FLOW_SP,113.12,115.92,SETPOINT_NUDGE,
2026-02-03 07:05:35+00:00,PM1,OP04,STOCK_FLOW_SP,109.43,112.56,SETPOINT_NUDGE,
2026-02-03 07:07:05+00:00,PM1,OP03,MACHINE_SPEED_SP,900.0,895.9,SETPOINT_NUDGE,
2026-02-03 07:08:45+00:00,PM1,OP04,STOCK_FLOW_SP,99.19,98.23,SETPOINT_NUDGE,
2026-02-03 07:10:10+00:00,PM1,OP04,STOCK_FLOW_SP,96.23,93.36,SETPOINT_NUDGE,
2026-02-03 07:19:15+00:00,PM1,OP04,STOCK_FLOW_SP,95.68,94.08,SETPOINT_NUDGE,
2026-02-03 19:04:00+00:00,PM1,OP01,MACHINE_SPEED_SP,900.0,908.83,SETPOINT_NUDGE,
2026-02-03 19:06:40+00:00,PM1,OP04,STOCK_FLOW_SP,106.09,108.33,SETPOINT_NUDGE,
2026-02-03 19:08:05+00:00,PM1,OP02,MACHINE_SPEED_SP,900.0,875.63,SETPOINT_NUDGE,
2026-02-03 19:09:50+00:00,PM1,OP04,STOCK_FLOW_SP,113.1,115.32,SETPOINT_NUDGE,
2026-02-04 06:04:05+00:00,PM1,OP03,MACHINE_SPEED_SP,900.0,876.92,SETPOINT_NUDGE,
2026-02-04 06:05:40+00:00,PM1,OP05,STOCK_FLOW_SP,109.18,112.23,SETPOINT_NUDGE,
2026-02-04 06:07:05+00:00,PM1,OP02,MACHINE_SPEED_SP,900.0,894.51,SETPOINT_NUDGE,
2026-02-04 06:08:30+00:00,PM1,OP04,STOCK_FLOW_SP,99.91,98.18,SETPOINT_NUDGE,
2026-02-04 06:10:05+00:00,PM1,OP01,STOCK_FLOW_SP,96.34,93.44,SETPOINT_NUDGE,
2026-02-04 06:13:40+00:00,PM1,OP03,STOCK_FLOW_SP,95.68,96.0,SETPOINT_NUDGE,
2026-02-04 06:15:30+00:00,PM1,OP02,STOCK_FLOW_SP,95.68,95.05,SETPOINT_NUDGE,
2026-02-04 06:19:30+00:00,PM1,OP02,STOCK_FLOW_SP,95.68,94.81,SETPOINT_NUDGE,
2026-02-04 06:21:50+00:00,PM1,OP04,STOCK_FLOW_SP,95.68,95.39,SETPOINT_NUDGE,
2026-02-04 18:00:15+00:00,PM1,OP01,STOCK_FLOW_SP,113.9,112.22,SETPOINT_NUDGE,
2026-02-04 18:04:15+00:00,PM1,OP03,MACHINE_SPEED_SP,900.0,878.75,SETPOINT_NUDGE,
2026-02-04 18:08:30+00:00,PM1,OP02,STOCK_FLOW_SP,109.24,108.24,SETPOINT_NUDGE,
2026-02-04 18:21:25+00:00,PM1,OP05,STOCK_FLOW_SP,107.83,108.34,SETPOINT_NUDGE,
2026-02-05 08:03:55+00:00,PM1,OP04,STOCK_FLOW_SP,113.68,115.73,SETPOINT_NUDGE,
2026-02-05 08:05:30+00:00,PM1,OP04,MACHINE_SPEED_SP,900.0,886.96,SETPOINT_NUDGE,
2026-02-05 08:07:35+00:00,PM1,OP03,STOCK_FLOW_SP,110.21,111.15,SETPOINT_NUDGE,
2026-02-05 08:10:50+00:00,PM1,OP03,MACHINE_SPEED_SP,900.0,904.64,SETPOINT_NUDGE,
2026-02-05 08:20:10+00:00,PM1,OP02,MACHINE_SPEED_SP,900.0,902.99,SETPOINT_NUDGE,
2026-02-05 05:06:25+00:00,PM1,OP03,STOCK_FLOW_SP,100.44,101.06,SETPOINT_NUDGE,
2026-02-05 05:07:50+00:00,PM1,OP03,STOCK_FLOW_SP,103.63,106.74,SETPOINT_NUDGE,
2026-02-05 05:09:45+00:00,PM1,OP01,STOCK_FLOW_SP,107.04,110.19,SETPOINT_NUDGE,
2026-02-05 05:11:25+00:00,PM1,OP02,STOCK_FLOW_SP,107.83,108.84,SETPOINT_NUDGE,
2026-02-05 05:12:55+00:00,PM1,OP05,STOCK_FLOW_SP,107.83,106.75,SETPOINT_NUDGE,
2026-02-05 05:18:00+00:00,PM1,OP01,MACHINE_SPEED_SP,900.0,910.13,SETPOINT_NUDGE,
2026-02-06 03:05:10+00:00,PM1,OP01,STOCK_FLOW_SP,111.4,109.61,SETPOINT_NUDGE,
2026-02-06 03:06:50+00:00,PM1,OP03,MACHINE_SPEED_SP,900.0,942.24,SETPOINT_NUDGE,
2026-02-06 03:09:50+00:00,PM1,OP04,STOCK_FLOW_SP,100.81,97.93,SETPOINT_NUDGE,
2026-02-06 03:11:20+00:00,PM1,OP02,STOCK_FLOW_SP,100.01,98.53,SETPOINT_NUDGE,
2026-02-06 03:13:00+00:00,PM1,OP05,STOCK_FLOW_SP,100.01,98.87,SETPOINT_NUDGE,
2026-02-06 03:14:40+00:00,PM1,OP01,STOCK_FLOW_SP,100.01,99.52,SETPOINT_NUDGE,
2026-02-06 04:07:40+00:00,PM1,OP04,STOCK_FLOW_SP,102.96,100.3,SETPOINT_NUDGE,
2026-02-06 04:09:15+00:00,PM1,OP03,STOCK_FLOW_SP,100.97,99.43,SETPOINT_NUDGE,
2026-02-06 04:11:15+00:00,PM1,OP03,STOCK_FLOW_SP,100.01,98.83,SETPOINT_NUDGE,
2026-02-06 20:03:50+00:00,PM1,OP04,STOCK_FLOW_SP,113.35,116.27,SETPOINT_NUDGE,
2026-02-06 20:05:20+00:00,PM1,OP01,STOCK_FLOW_SP,110.16,113.49,SETPOINT_NUDGE,
2026-02-06 20:06:50+00:00,PM1,OP03,STOCK_FLOW_SP,105.36,106.96,SETPOINT_NUDGE,
2026-02-06 20:09:00+00:00,PM1,OP01,STOCK_FLOW_SP,98.53,96.26,SETPOINT_NUDGE,
2026-02-06 20:10:35+00:00,PM1,OP04,STOCK_FLOW_SP,95.82,94.78,SETPOINT_NUDGE,
2026-02-06 20:13:30+00:00,PM1,OP05,STOCK_FLOW_SP,95.68,94.54,SETPOINT_NUDGE,
2026-02-07 05:00:25+00:00,PM1,OP03,MACHINE_SPEED_SP,900.0,916.75,SETPOINT_NUDGE,
2026-02-07 05:04:10+00:00,PM1,OP02,MACHINE_SPEED_SP,900.0,923.04,SETPOINT_NUDGE,
2026-02-07 05:05:40+00:00,PM1,OP05,MACHINE_SPEED_SP,900.0,908.88,SETPOINT_NUDGE,
2026-02-07 05:07:25+00:00,PM1,OP02,STOCK_FLOW_SP,102.7,104.28,SETPOINT_NUDGE,
2026-02-07 05:09:05+00:00,PM1,OP03,STOCK_FLOW_SP,106.08,107.87,SETPOINT_NUDGE,
2026-02-07 05:10:40+00:00,PM1,OP05,STOCK_FLOW_SP,107.77,109.62,SETPOINT_NUDGE,
2026-02-07 16:04:45+00:00,PM1,OP01,STOCK_FLOW_SP,100.97,103.75,SETPOINT_NUDGE,
2026-02-07 16:06:25+00:00,PM1,OP03,MACHINE_SPEED_SP,900.0,866.07,SETPOINT_NUDGE,
2026-02-07 16:08:00+00:00,PM1,OP01,MACHINE_SPEED_SP,900.0,869.28,SETPOINT_NUDGE,
2026-02-07 16:09:50+00:00,PM1,OP01,STOCK_FLOW_SP,107.38,111.06,SETPOINT_NUDGE,
2026-02-07 16:11:30+00:00,PM1,OP04,MACHINE_SPEED_SP,900.0,884.11,SETPOINT_NUDGE,
2026-02-07 19:00:30+00:00,PM1,OP03,STOCK_FLOW_SP,107.83,109.0,SETPOINT_NUDGE,
2026-02-07 19:02:05+00:00,PM1,OP04,MACHINE_SPEED_SP,900.0,885.64,SETPOINT_NUDGE,
2026-02-07 19:07:05+00:00,PM1,OP02,STOCK_FLOW_SP,103.8,102.34,SETPOINT_NUDGE,
2026-02-07 19:08:30+00:00,PM1,OP03,STOCK_FLOW_SP,101.83,99.4,SETPOINT_NUDGE,
2026-02-07 19:09:55+00:00,PM1,OP01,STOCK_FLOW_SP,100.41,98.07,SETPOINT_NUDGE,
2026-02-08 09:04:15+00:00,PM1,OP05,STOCK_FLOW_SP,112.71,115.96,SETPOINT_NUDGE,
2026-02-08 09:05:50+00:00,PM1,OP04,MACHINE_SPEED_SP,900.0,886.41,SETPOINT_NUDGE,
2026-02-08 09:07:30+00:00,PM1,OP01,STOCK_FLOW_SP,103.09,101.74,SETPOINT_NUDGE,
2026-02-08 09:09:05+00:00,PM1,OP05,STOCK_FLOW_SP,98.32,94.77,SETPOINT_NUDGE,
2026-02-08 09:10:35+00:00,PM1,OP04,MACHINE_SPEED_SP,900.0,928.8,SETPOINT_NUDGE,
2026-02-08 09:15:10+00:00,PM1,OP04,STOCK_FLOW_SP,95.68,95.15,SETPOINT_NUDGE,
2026-02-08 09:21:20+00:00,PM1,OP03,STOCK_FLOW_SP,95.68,96.18,SETPOINT_NUDGE,
2026-02-08 11:00:25+00:00,PM1,OP02,MACHINE_SPEED_SP,900.0,908.91,SETPOINT_NUDGE,
2026-02-08 11:03:00+00:00,PM1,OP04,STOCK_FLOW_SP,107.83,107.19,SETPOINT_NUDGE,
2026-02-08 11:04:30+00:00,PM1,OP05,STOCK_FLOW_SP,107.11,108.41,SETPOINT_NUDGE,
2026-02-08 11:07:50+00:00,PM1,OP03,STOCK_FLOW_SP,102.72,101.75,SETPOINT_NUDGE,
2026-02-08 11:09:50+00:00,PM1,OP04,STOCK_FLOW_SP,100.46,99.03,SETPOINT_NUDGE,
2026-02-08 19:00:35+00:00,PM1,OP03,STOCK_FLOW_SP,113.9,114.31,SETPOINT_NUDGE,
2026-02-08 19:03:55+00:00,PM1,OP05,STOCK_FLOW_SP,113.68,114.81,SETPOINT_NUDGE,
2026-02-08 19:05:25+00:00,PM1,OP03,STOCK_FLOW_SP,112.58,114.35,SETPOINT_NUDGE,
2026-02-08 19:09:15+00:00,PM1,OP05,STOCK_FLOW_SP,108.58,106.89,SETPOINT_NUDGE,
2026-02-08 19:14:30+00:00,PM1,OP03,MACHINE_SPEED_SP,900.0,909.8,SETPOINT_NUDGE,
2026-02-08 19:16:00+00:00,PM1,OP04,STOCK_FLOW_SP,107.83,108.43,SETPOINT_NUDGE,
2026-02-08 19:18:45+00:00,PM1,OP05,STOCK_FLOW_SP,107.83,106.93,SETPOINT_NUDGE,
2026-02-09 12:09:05+00:00,PM1,OP03,STOCK_FLOW_SP,96.31,91.79,SETPOINT_NUDGE,
2026-02-09 12:10:45+00:00,PM1,OP02,STOCK_FLOW_SP,95.69,92.37,SETPOINT_NUDGE,
2026-02-09 12:13:05+00:00,PM1,OP02,MACHINE_SPEED_SP,900.0,858.91,SETPOINT_NUDGE,
2026-02-09 12:14:30+00:00,PM1,OP05,MACHINE_SPEED_SP,900.0,857.48,SETPOINT_NUDGE,
2026-02-09 12:16:10+00:00,PM1,OP03,MACHINE_SPEED_SP,900.0,888.35,SETPOINT_NUDGE,
2026-02-09 12:18:55+00:00,PM1,OP03,STOCK_FLOW_SP,95.68,96.34,SETPOINT_NUDGE,
2026-02-09 13:00:45+00:00,PM1,OP03,STOCK_FLOW_SP,107.83,105.94,SETPOINT_NUDGE,
2026-02-09 13:07:20+00:00,PM1,OP05,MACHINE_SPEED_SP,900.0,890.88,SETPOINT_NUDGE,
2026-02-09 13:09:30+00:00,PM1,OP04,MACHINE_SPEED_SP,900.0,885.19,SETPOINT_NUDGE,
2026-02-09 19:00:35+00:00,PM1,OP03,STOCK_FLOW_SP,100.01,98.51,SETPOINT_NUDGE,
2026-02-09 19:09:40+00:00,PM1,OP01,STOCK_FLOW_SP,96.0,93.55,SETPOINT_NUDGE,
2026-02-10 10:00:25+00:00,PM1,OP03,STOCK_FLOW_SP,95.68,94.86,SETPOINT_NUDGE,
2026-02-10 10:04:05+00:00,PM1,OP02,MACHINE_SPEED_SP,900.0,927.38,SETPOINT_NUDGE,
2026-02-10 10:05:50+00:00,PM1,OP01,STOCK_FLOW_SP,99.17,98.38,SETPOINT_NUDGE,
2026-02-10 10:07:55+00:00,PM1,OP03,STOCK_FLOW_SP,103.81,105.7,SETPOINT_NUDGE,
2026-02-10 10:09:35+00:00,PM1,OP01,STOCK_FLOW_SP,106.83,108.85,SETPOINT_NUDGE,
2026-02-10 10:14:05+00:00,PM1,OP02,STOCK_FLOW_SP,107.83,108.21,SETPOINT_NUDGE,
2026-02-10 10:16:35+00:00,PM1,OP04,STOCK_FLOW_SP,107.83,109.14,SETPOINT_NUDGE,
2026-02-10 10:20:30+00:00,PM1,OP05,MACHINE_SPEED_SP,900.0,890.3,SETPOINT_NUDGE,
2026-02-10 19:00:10+00:00,PM1,OP03,STOCK_FLOW_SP,100.01,98.85,SETPOINT_NUDGE,
2026-02-10 19:04:05+00:00,PM1,OP03,STOCK_FLOW_SP,100.41,99.16,SETPOINT_NUDGE,
2026-02-10 19:05:35+00:00,PM1,OP02,STOCK_FLOW_SP,101.93,99.93,SETPOINT_NUDGE,
2026-02-10 19:07:50+00:00,PM1,OP02,MACHINE_SPEED_SP,900.0,887.86,SETPOINT_NUDGE,
2026-02-10 19:09:20+00:00,PM1,OP04,MACHINE_SPEED_SP,900.0,886.99,SETPOINT_NUDGE,
2026-02-10 19:20:30+00:00,PM1,OP01,MACHINE_SPEED_SP,900.0,892.51,SETPOINT_NUDGE,
2026-02-11 00:04:35+00:00,PM1,OP03,MACHINE_SPEED_SP,900.0,924.89,SETPOINT_NUDGE,
2026-02-11 00:06:15+00:00,PM1,OP04,MACHINE_SPEED_SP,900.0,911.19,SETPOINT_NUDGE,
2026-02-11 00:09:40+00:00,PM1,OP02,STOCK_FLOW_SP,113.45,114.25,SETPOINT_NUDGE,
2026-02-11 00:16:40+00:00,PM1,OP03,MACHINE_SPEED_SP,900.0,903.35,SETPOINT_NUDGE,
2026-02-11 10:03:40+00:00,PM1,OP03,MACHINE_SPEED_SP,900.0,920.87,SETPOINT_NUDGE,
2026-02-11 10:05:15+00:00,PM1,OP02,STOCK_FLOW_SP,99.19,96.41,SETPOINT_NUDGE,
2026-02-11 10:06:50+00:00,PM1,OP01,STOCK_FLOW_SP,104.22,106.54,SETPOINT_NUDGE,
2026-02-11 10:08:20+00:00,PM1,OP02,STOCK_FLOW_SP,109.18,111.83,SETPOINT_NUDGE,
2026-02-11 10:09:50+00:00,PM1,OP02,STOCK_FLOW_SP,112.85,114.54,SETPOINT_NUDGE,
2026-02-11 19:00:20+00:00,PM1,OP03,MACHINE_SPEED_SP,900.0,909.62,SETPOINT_NUDGE,
2026-02-11 19:04:50+00:00,PM1,OP04,STOCK_FLOW_SP,111.47,112.93,SETPOINT_NUDGE,
2026-02-11 19:07:05+00:00,PM1,OP01,STOCK_FLOW_SP,104.51,103.11,SETPOINT_NUDGE,
2026-02-11 19:08:40+00:00,PM1,OP02,MACHINE_SPEED_SP,900.0,927.01,SETPOINT_NUDGE,
2026-02-11 19:10:20+00:00,PM1,OP03,MACHINE_SPEED_SP,900.0,920.19,SETPOINT_NUDGE,
2026-02-11 19:11:55+00:00,PM1,OP02,MACHINE_SPEED_SP,900.0,912.04,SETPOINT_NUDGE,
2026-02-12 09:00:20+00:00,PM1,OP03,STOCK_FLOW_SP,95.68,94.78,SETPOINT_NUDGE,
2026-02-12 09:03:15+00:00,PM1,OP01,STOCK_FLOW_SP,95.71,96.0,SETPOINT_NUDGE,
2026-02-12 09:04:45+00:00,PM1,OP05,STOCK_FLOW_SP,97.17,93.88,SETPOINT_NUDGE,
2026-02-12 09:06:30+00:00,PM1,OP02,STOCK_FLOW_SP,100.62,103.58,SETPOINT_NUDGE,
2026-02-12 09:08:15+00:00,PM1,OP01,MACHINE_SPEED_SP,900.0,870.0,SETPOINT_NUDGE,
2026-02-12 09:09:45+00:00,PM1,OP04,STOCK_FLOW_SP,107.04,110.05,SETPOINT_NUDGE,
2026-02-12 09:11:15+00:00,PM1,OP03,STOCK_FLOW_SP,107.83,111.11,SETPOINT_NUDGE,
2026-02-12 09:12:50+00:00,PM1,OP05,STOCK_FLOW_SP,107.83,110.91,SETPOINT_NUDGE,
2026-02-12 09:14:20+00:00,PM1,OP03,STOCK_FLOW_SP,107.83,110.66,SETPOINT_NUDGE,
2026-02-12 09:15:50+00:00,PM1,OP04,MACHINE_SPEED_SP,900.0,873.76,SETPOINT_NUDGE,
2026-02-12 09:17:20+00:00,PM1,OP04,MACHINE_SPEED_SP,900.0,874.64,SETPOINT_NUDGE,
2026-02-12 09:18:55+00:00,PM1,OP01,MACHINE_SPEED_SP,900.0,875.47,SETPOINT_NUDGE,
2026-02-12 09:20:20+00:00,PM1,OP01,STOCK_FLOW_SP,107.83,111.19,SETPOINT_NUDGE,
2026-02-12 09:21:45+00:00,PM1,OP01,STOCK_FLOW_SP,107.83,111.04,SETPOINT_NUDGE,
2026-02-12 21:08:30+00:00,PM1,OP01,STOCK_FLOW_SP,96.68,95.65,SETPOINT_NUDGE,
2026-02-12 21:10:05+00:00,PM1,OP03,MACHINE_SPEED_SP,900.0,918.55,SETPOINT_NUDGE,
2026-02-12 21:12:45+00:00,PM1,OP04,STOCK_FLOW_SP,95.68,95.16,SETPOINT_NUDGE,
2026-02-12 21:16:10+00:00,PM1,OP05,MACHINE_SPEED_SP,900.0,904.35,SETPOINT_NUDGE,
2026-02-12 16:00:20+00:00,PM1,OP01,STOCK_FLOW_SP,113.9,115.33,SETPOINT_NUDGE,
2026-02-12 16:01:50+00:00,PM1,OP01,STOCK_FLOW_SP,113.9,115.12,SETPOINT_NUDGE,
2026-02-12 16:07:00+00:00,PM1,OP03,STOCK_FLOW_SP,110.87,108.13,SETPOINT_NUDGE,
2026-02-12 16:11:10+00:00,PM1,OP03,STOCK_FLOW_SP,107.83,104.91,SETPOINT_NUDGE,
2026-02-13 03:02:05+00:00,PM1,OP03,STOCK_FLOW_SP,100.01,100.53,SETPOINT_NUDGE,
2026-02-13 03:04:15+00:00,PM1,OP01,MACHINE_SPEED_SP,900.0,923.18,SETPOINT_NUDGE,
2026-02-13 03:07:30+00:00,PM1,OP01,STOCK_FLOW_SP,104.65,105.66,SETPOINT_NUDGE,
2026-02-13 03:09:05+00:00,PM1,OP04,MACHINE_SPEED_SP,900.0,885.21,SETPOINT_NUDGE,
2026-02-13 10:00:10+00:00,PM1,OP04,STOCK_FLOW_SP,107.83,109.42,SETPOINT_NUDGE,
2026-02-13 10:04:20+00:00,PM1,OP05,MACHINE_SPEED_SP,900.0,910.67,SETPOINT_NUDGE,
2026-02-13 10:07:55+00:00,PM1,OP01,STOCK_FLOW_SP,111.89,112.69,SETPOINT_NUDGE,
2026-02-13 10:15:30+00:00,PM1,OP05,STOCK_FLOW_SP,113.9,110.49,SETPOINT_NUDGE,
2026-02-13 10:17:30+00:00,PM1,OP03,STOCK_FLOW_SP,113.9,111.42,SETPOINT_NUDGE,
2026-02-13 10:19:00+00:00,PM1,OP04,STOCK_FLOW_SP,113.9,112.74,SETPOINT_NUDGE,
2026-02-14 09:00:20+00:00,PM1,OP03,MACHINE_SPEED_SP,900.0,928.2,SETPOINT_NUDGE,
2026-02-14 09:03:20+00:00,PM1,OP02,MACHINE_SPEED_SP,900.0,895.11,SETPOINT_NUDGE,
2026-02-14 09:04:50+00:00,PM1,OP04,MACHINE_SPEED_SP,900.0,918.59,SETPOINT_NUDGE,
2026-02-14 09:15:55+00:00,PM1,OP03,STOCK_FLOW_SP,100.01,101.29,SETPOINT_NUDGE,
2026-02-14 05:00:20+00:00,PM1,OP05,STOCK_FLOW_SP,107.83,106.78,SETPOINT_NUDGE,
2026-02-14 05:04:25+00:00,PM1,OP02,MACHINE_SPEED_SP,900.0,875.45,SETPOINT_NUDGE,
2026-02-14 05:05:55+00:00,PM1,OP02,STOCK_FLOW_SP,105.47,106.78,SETPOINT_NUDGE,
2026-02-14 05:08:15+00:00,PM1,OP02,STOCK_FLOW_SP,102.15,101.47,SETPOINT_NUDGE,
2026-02-14 05:10:05+00:00,PM1,OP01,STOCK_FLOW_SP,100.3,98.1,SETPOINT_NUDGE,
2026-02-14 05:15:30+00:00,PM1,OP04,STOCK_FLOW_SP,100.01,99.19,SETPOINT_NUDGE,
2026-02-14 05:21:15+00:00,PM1,OP05,MACHINE_SPEED_SP,900.0,891.16,SETPOINT_NUDGE,
2026-02-14 19:03:00+00:00,PM1,OP03,MACHINE_SPEED_SP,900.0,906.23,SETPOINT_NUDGE,
2026-02-14 19:04:35+00:00,PM1,OP05,STOCK_FLOW_SP,112.05,115.12,SETPOINT_NUDGE,
2026-02-14 19:06:10+00:00,PM1,OP04,MACHINE_SPEED_SP,900.0,873.24,SETPOINT_NUDGE,
2026-02-14 19:08:15+00:00,PM1,OP02,STOCK_FLOW_SP,100.66,103.12,SETPOINT_NUDGE,
2026-02-14 19:09:50+00:00,PM1,OP04,STOCK_FLOW_SP,96.73,100.12,SETPOINT_NUDGE,
2026-02-14 19:11:25+00:00,PM1,OP05,STOCK_FLOW_SP,95.68,94.86,SETPOINT_NUDGE,
2026-02-14 19:17:30+00:00,PM1,OP03,STOCK_FLOW_SP,95.68,95.12,SETPOINT_NUDGE,
2026-02-14 19:19:40+00:00,PM1,OP02,MACHINE_SPEED_SP,900.0,903.7,SETPOINT_NUDGE,
2026-02-15 10:01:15+00:00,PM1,OP05,STOCK_FLOW_SP,100.01,100.65,SETPOINT_NUDGE,
2026-02-15 10:04:00+00:00,PM1,OP05,STOCK_FLOW_SP,99.83,101.48,SETPOINT_NUDGE,
2026-02-15 10:07:50+00:00,PM1,OP05,STOCK_FLOW_SP,97.18,95.67,SETPOINT_NUDGE,
2026-02-15 10:15:25+00:00,PM1,OP01,MACHINE_SPEED_SP,900.0,892.77,SETPOINT_NUDGE,
2026-02-15 10:21:35+00:00,PM1,OP01,STOCK_FLOW_SP,95.68,94.48,SETPOINT_NUDGE,
2026-02-15 14:03:40+00:00,PM1,OP01,STOCK_FLOW_SP,100.29,98.93,SETPOINT_NUDGE,
2026-02-15 14:05:15+00:00,PM1,OP01,STOCK_FLOW_SP,102.69,100.78,SETPOINT_NUDGE,
2026-02-15 14:07:15+00:00,PM1,OP05,STOCK_FLOW_SP,107.61,109.21,SETPOINT_NUDGE,
2026-02-15 14:08:45+00:00,PM1,OP02,MACHINE_SPEED_SP,900.0,881.22,SETPOINT_NUDGE,
2026-02-15 14:10:20+00:00,PM1,OP02,STOCK_FLOW_SP,113.63,115.32,SETPOINT_NUDGE,
2026-02-15 14:21:25+00:00,PM1,OP04,STOCK_FLOW_SP,113.9,114.79,SETPOINT_NUDGE,
2026-02-16 07:00:20+00:00,PM1,OP05,STOCK_FLOW_SP,100.01,99.12,SETPOINT_NUDGE,
2026-02-16 07:02:10+00:00,PM1,OP02,STOCK_FLOW_SP,100.01,101.14,SETPOINT_NUDGE,
2026-02-16 07:04:10+00:00,PM1,OP04,STOCK_FLOW_SP,99.76,101.43,SETPOINT_NUDGE,
2026-02-16 07:09:20+00:00,PM1,OP04,MACHINE_SPEED_SP,900.0,910.56,SETPOINT_NUDGE,
2026-02-16 07:14:10+00:00,PM1,OP03,MACHINE_SPEED_SP,900.0,908.94,SETPOINT_NUDGE,
2026-02-16 07:20:40+00:00,PM1,OP04,STOCK_FLOW_SP,95.68,96.29,SETPOINT_NUDGE,
2026-02-16 07:21:55+00:00,PM1,OP03,STOCK_FLOW_SP,95.68,93.76,SETPOINT_NUDGE,
2026-02-16 11:04:45+00:00,PM1,OP04,MACHINE_SPEED_SP,900.0,890.09,SETPOINT_NUDGE,
2026-02-16 11:07:05+00:00,PM1,OP05,MACHINE_SPEED_SP,900.0,905.67,SETPOINT_NUDGE,
2026-02-16 11:08:35+00:00,PM1,OP04,STOCK_FLOW_SP,96.63,94.93,SETPOINT_NUDGE,
2026-02-16 11:10:25+00:00,PM1,OP03,STOCK_FLOW_SP,95.75,95.05,SETPOINT_NUDGE,
2026-02-16 11:21:30+00:00,PM1,OP02,MACHINE_SPEED_SP,900.0,897.28,SETPOINT_NUDGE,
2026-02-17 00:04:15+00:00,PM1,OP02,STOCK_FLOW_SP,112.71,115.86,SETPOINT_NUDGE,
2026-02-17 00:05:40+00:00,PM1,OP05,MACHINE_SPEED_SP,900.0,,SETPOINT_NUDGE,
2026-02-17 00:07:20+00:00,PM1,OP02,MACHINE_SPEED_SP,900.0,926.53,SETPOINT_NUDGE,
2026-02-17 00:08:55+00:00,PM1,OP02,MACHINE_SPEED_SP,900.0,925.87,SETPOINT_NUDGE,
2026-02-17 00:10:20+00:00,PM1,OP03,STOCK_FLOW_SP,96.04,92.91,SETPOINT_NUDGE,
2026-02-17 00:11:50+00:00,PM1,OP05,MACHINE_SPEED_SP,900.0,923.47,SETPOINT_NUDGE,
2026-02-17 00:13:25+00:00,PM1,OP05,STOCK_FLOW_SP,95.68,92.63,SETPOINT_NUDGE,
2026-02-17 00:14:55+00:00,PM1,OP05,STOCK_FLOW_SP,95.68,92.24,SETPOINT_NUDGE,
2026-02-17 00:16:45+00:00,PM1,OP04,MACHINE_SPEED_SP,900.0,925.45,SETPOINT_NUDGE,
2026-02-17 00:18:30+00:00,PM1,OP04,STOCK_FLOW_SP,95.68,92.13,SETPOINT_NUDGE,
2026-02-17 00:20:15+00:00,PM1,OP02,MACHINE_SPEED_SP,900.0,931.53,SETPOINT_NUDGE,
2026-02-17 00:21:40+00:00,PM1,OP01,MACHINE_SPEED_SP,900.0,931.56,SETPOINT_NUDGE,
2026-02-17 10:00:15+00:00,PM1,OP01,STOCK_FLOW_SP,113.9,111.99,SETPOINT_NUDGE,
2026-02-17 10:04:35+00:00,PM1,OP04,MACHINE_SPEED_SP,900.0,874.2,SETPOINT_NUDGE,
2026-02-17 10:06:15+00:00,PM1,OP05,STOCK_FLOW_SP,107.32,109.18,SETPOINT_NUDGE,
2026-02-17 10:07:40+00:00,PM1,OP04,STOCK_FLOW_SP,102.54,100.8,SETPOINT_NUDGE,
2026-02-17 10:09:35+00:00,PM1,OP04,STOCK_FLOW_SP,97.19,93.86,SETPOINT_NUDGE,
2026-02-17 10:11:10+00:00,PM1,OP05,MACHINE_SPEED_SP,900.0,914.59,SETPOINT_NUDGE,
2026-02-17 19:07:05+00:00,PM1,OP02,STOCK_FLOW_SP,101.57,99.41,SETPOINT_NUDGE,
2026-02-17 19:08:55+00:00,PM1,OP05,STOCK_FLOW_SP,97.72,95.28,SETPOINT_NUDGE,
2026-02-17 19:10:30+00:00,PM1,OP04,STOCK_FLOW_SP,95.82,91.71,SETPOINT_NUDGE,
2026-02-17 18:03:45+00:00,PM1,OP01,MACHINE_SPEED_SP,900.0,895.39,SETPOINT_NUDGE,
2026-02-17 18:05:35+00:00,PM1,OP02,STOCK_FLOW_SP,100.15,102.08,SETPOINT_NUDGE,
2026-02-17 18:07:25+00:00,PM1,OP05,STOCK_FLOW_SP,106.21,109.8,SETPOINT_NUDGE,
2026-02-17 18:09:05+00:00,PM1,OP02,STOCK_FLOW_SP,111.27,114.14,SETPOINT_NUDGE,
2026-02-17 18:11:15+00:00,PM1,OP03,MACHINE_SPEED_SP,900.0,884.61,SETPOINT_NUDGE,
2026-02-17 18:13:05+00:00,PM1,OP05,MACHINE_SPEED_SP,900.0,894.43,SETPOINT_NUDGE,
2026-02-18 12:03:55+00:00,PM1,OP05,STOCK_FLOW_SP,113.68,116.15,SETPOINT_NUDGE,
2026-02-18 12:05:30+00:00,PM1,OP01,MACHINE_SPEED_SP,900.0,873.26,SETPOINT_NUDGE,
2026-02-18 12:07:10+00:00,PM1,OP04,STOCK_FLOW_SP,110.68,114.0,SETPOINT_NUDGE,
2026-02-18 12:08:35+00:00,PM1,OP04,MACHINE_SPEED_SP,900.0,872.76,SETPOINT_NUDGE,
2026-02-18 12:10:05+00:00,PM1,OP03,STOCK_FLOW_SP,108.06,108.39,SETPOINT_NUDGE,
2026-02-18 12:20:15+00:00,PM1,OP03,STOCK_FLOW_SP,107.83,108.29,SETPOINT_NUDGE,
2026-02-18 17:00:20+00:00,PM1,OP04,STOCK_FLOW_SP,107.83,105.7,SETPOINT_NUDGE,
2026-02-18 17:04:10+00:00,PM1,OP03,STOCK_FLOW_SP,108.18,105.25,SETPOINT_NUDGE,
2026-02-18 17:05:50+00:00,PM1,OP02,STOCK_FLOW_SP,109.58,107.74,SETPOINT_NUDGE,
2026-02-18 17:07:50+00:00,PM1,OP05,STOCK_FLOW_SP,111.8,112.69,SETPOINT_NUDGE,
2026-02-18 17:09:50+00:00,PM1,OP04,STOCK_FLOW_SP,113.55,114.4,SETPOINT_NUDGE,
2026-02-18 20:00:20+00:00,PM1,OP01,MACHINE_SPEED_SP,900.0,888.21,SETPOINT_NUDGE,
2026-02-18 20:04:00+00:00,PM1,OP05,STOCK_FLOW_SP,100.35,98.8,SETPOINT_NUDGE,
2026-02-18 20:05:40+00:00,PM1,OP05,MACHINE_SPEED_SP,900.0,908.16,SETPOINT_NUDGE,
2026-02-18 20:07:05+00:00,PM1,OP04,MACHINE_SPEED_SP,900.0,888.13,SETPOINT_NUDGE,
2026-02-18 20:08:35+00:00,PM1,OP05,STOCK_FLOW_SP,106.12,107.63,SETPOINT_NUDGE,
2026-02-18 20:10:00+00:00,PM1,OP05,STOCK_FLOW_SP,107.5,109.05,SETPOINT_NUDGE,
2026-02-19 02:04:15+00:00,PM1,OP02,MACHINE_SPEED_SP,900.0,881.7,SETPOINT_NUDGE,
2026-02-19 02:05:45+00:00,PM1,OP03,MACHINE_SPEED_SP,900.0,891.39,SETPOINT_NUDGE,
2026-02-19 02:07:25+00:00,PM1,OP01,MACHINE_SPEED_SP,900.0,918.01,SETPOINT_NUDGE,
2026-02-19 02:09:10+00:00,PM1,OP04,MACHINE_SPEED_SP,900.0,928.3,SETPOINT_NUDGE,
2026-02-19 02:10:40+00:00,PM1,OP02,MACHINE_SPEED_SP,900.0,929.02,SETPOINT_NUDGE,
2026-02-19 02:12:30+00:00,PM1,OP03,STOCK_FLOW_SP,95.68,93.87,SETPOINT_NUDGE,
2026-02-19 12:00:15+00:00,PM1,OP01,STOCK_FLOW_SP,100.01,101.06,SETPOINT_NUDGE,
2026-02-19 12:04:20+00:00,PM1,OP04,STOCK_FLOW_SP,99.69,100.61,SETPOINT_NUDGE,
2026-02-19 12:08:45+00:00,PM1,OP01,MACHINE_SPEED_SP,900.0,919.99,SETPOINT_NUDGE,
2026-02-19 12:14:45+00:00,PM1,OP01,MACHINE_SPEED_SP,900.0,904.94,SETPOINT_NUDGE,
2026-02-19 12:19:35+00:00,PM1,OP04,MACHINE_SPEED_SP,900.0,894.39,SETPOINT_NUDGE,
2026-02-20 06:01:50+00:00,PM1,OP05,MACHINE_SPEED_SP,900.0,895.97,SETPOINT_NUDGE,
2026-02-20 06:03:55+00:00,PM1,OP01,STOCK_FLOW_SP,95.84,95.23,SETPOINT_NUDGE,
2026-02-20 06:05:25+00:00,PM1,OP04,MACHINE_SPEED_SP,900.0,914.25,SETPOINT_NUDGE,
2026-02-20 06:09:30+00:00,PM1,OP05,MACHINE_SPEED_SP,900.0,891.43,SETPOINT_NUDGE,
2026-02-20 06:11:00+00:00,PM1,OP03,MACHINE_SPEED_SP,900.0,903.32,SETPOINT_NUDGE,
2026-02-20 06:14:10+00:00,PM1,OP03,STOCK_FLOW_SP,100.01,100.45,SETPOINT_NUDGE,
2026-02-20 06:18:15+00:00,PM1,OP04,STOCK_FLOW_SP,100.01,101.82,SETPOINT_NUDGE,
2026-02-20 08:06:25+00:00,PM1,OP04,STOCK_FLOW_SP,111.53,110.09,SETPOINT_NUDGE,
2026-02-20 08:09:20+00:00,PM1,OP01,STOCK_FLOW_SP,108.52,107.08,SETPOINT_NUDGE,
2026-02-20 08:11:15+00:00,PM1,OP04,MACHINE_SPEED_SP,900.0,912.84,SETPOINT_NUDGE,
2026-02-20 16:01:35+00:00,PM1,OP01,STOCK_FLOW_SP,95.68,96.03,SETPOINT_NUDGE,
2026-02-20 16:04:30+00:00,PM1,OP05,STOCK_FLOW_SP,96.8,94.8,SETPOINT_NUDGE,
2026-02-20 16:06:35+00:00,PM1,OP05,STOCK_FLOW_SP,100.81,102.03,SETPOINT_NUDGE,
2026-02-20 16:08:20+00:00,PM1,OP04,STOCK_FLOW_SP,104.68,107.13,SETPOINT_NUDGE,
2026-02-20 16:10:05+00:00,PM1,OP02,MACHINE_SPEED_SP,900.0,884.78,SETPOINT_NUDGE,
2026-02-21 08:00:30+00:00,PM1,OP02,MACHINE_SPEED_SP,900.0,914.98,SETPOINT_NUDGE,
2026-02-21 08:06:45+00:00,PM1,OP02,STOCK_FLOW_SP,102.33,100.66,SETPOINT_NUDGE,
2026-02-21 08:08:35+00:00,PM1,OP04,STOCK_FLOW_SP,98.34,94.56,SETPOINT_NUDGE,
2026-02-21 08:10:00+00:00,PM1,OP02,STOCK_FLOW_SP,96.2,93.58,SETPOINT_NUDGE,
2026-02-21 08:11:45+00:00,PM1,OP03,STOCK_FLOW_SP,95.68,95.21,SETPOINT_NUDGE,
2026-02-21 17:00:25+00:00,PM1,OP02,STOCK_FLOW_SP,100.01,98.41,SETPOINT_NUDGE,
2026-02-21 17:04:25+00:00,PM1,OP05,MACHINE_SPEED_SP,900.0,889.61,SETPOINT_NUDGE,
2026-02-21 17:06:45+00:00,PM1,OP02,STOCK_FLOW_SP,98.05,98.58,SETPOINT_NUDGE,
2026-02-21 17:09:00+00:00,PM1,OP03,MACHINE_SPEED_SP,900.0,904.79,SETPOINT_NUDGE,
2026-02-21 17:13:45+00:00,PM1,OP01,MACHINE_SPEED_SP,900.0,903.86,SETPOINT_NUDGE,
2026-02-21 17:20:25+00:00,PM1,OP01,MACHINE_SPEED_SP,900.0,893.16,SETPOINT_NUDGE,
2026-02-22 04:00:35+00:00,PM1,OP03,STOCK_FLOW_SP,100.01,96.71,SETPOINT_NUDGE,
2026-02-22 04:07:00+00:00,PM1,OP05,STOCK_FLOW_SP,103.92,106.7,SETPOINT_NUDGE,
2026-02-22 04:08:55+00:00,PM1,OP02,STOCK_FLOW_SP,106.52,107.96,SETPOINT_NUDGE,
2026-02-22 04:11:15+00:00,PM1,OP03,MACHINE_SPEED_SP,900.0,893.26,SETPOINT_NUDGE,
2026-02-22 16:04:25+00:00,PM1,OP05,STOCK_FLOW_SP,100.66,98.47,SETPOINT_NUDGE,
2026-02-22 16:06:05+00:00,PM1,OP03,STOCK_FLOW_SP,102.6,101.55,SETPOINT_NUDGE,
2026-02-22 16:08:10+00:00,PM1,OP05,MACHINE_SPEED_SP,900.0,875.86,SETPOINT_NUDGE,
2026-02-22 16:09:45+00:00,PM1,OP03,STOCK_FLOW_SP,107.32,,SETPOINT_NUDGE,
2026-02-22 16:11:15+00:00,PM1,OP01,STOCK_FLOW_SP,107.83,105.33,SETPOINT_NUDGE,
2026-02-22 16:12:50+00:00,PM1,OP04,STOCK_FLOW_SP,107.83,104.75,SETPOINT_NUDGE,
2026-02-22 16:14:20+00:00,PM1,OP02,STOCK_FLOW_SP,107.83,104.52,SETPOINT_NUDGE,
2026-02-22 16:15:50+00:00,PM1,OP04,MACHINE_SPEED_SP,900.0,929.14,SETPOINT_NUDGE,
2026-02-22 16:17:25+00:00,PM1,OP02,STOCK_FLOW_SP,107.83,104.69,SETPOINT_NUDGE,
2026-02-22 16:19:05+00:00,PM1,OP04,MACHINE_SPEED_SP,900.0,927.02,SETPOINT_NUDGE,
2026-02-22 16:21:00+00:00,PM1,OP05,STOCK_FLOW_SP,107.83,104.78,SETPOINT_NUDGE,
2026-02-22 18:04:40+00:00,PM1,OP01,STOCK_FLOW_SP,106.47,109.69,SETPOINT_NUDGE,
2026-02-22 18:08:15+00:00,PM1,OP01,STOCK_FLOW_SP,99.0,96.62,SETPOINT_NUDGE,
2026-02-22 18:09:55+00:00,PM1,OP04,STOCK_FLOW_SP,96.29,93.35,SETPOINT_NUDGE,
2026-02-22 18:14:05+00:00,PM1,OP03,MACHINE_SPEED_SP,900.0,906.51,SETPOINT_NUDGE,
2026-02-23 03:06:30+00:00,PM1,OP01,STOCK_FLOW_SP,102.89,101.81,SETPOINT_NUDGE,
2026-02-23 03:08:00+00:00,PM1,OP02,STOCK_FLOW_SP,99.53,95.62,SETPOINT_NUDGE,
2026-02-23 03:09:35+00:00,PM1,OP03,STOCK_FLOW_SP,96.69,94.31,SETPOINT_NUDGE,
2026-02-23 03:11:10+00:00,PM1,OP02,STOCK_FLOW_SP,95.68,,SETPOINT_NUDGE,
2026-02-23 03:12:35+00:00,PM1,OP02,MACHINE_SPEED_SP,900.0,919.55,SETPOINT_NUDGE,
2026-02-23 03:14:20+00:00,PM1,OP03,STOCK_FLOW_SP,95.68,93.34,SETPOINT_NUDGE,
2026-02-23 03:16:10+00:00,PM1,OP02,STOCK_FLOW_SP,95.68,91.54,SETPOINT_NUDGE,
2026-02-23 03:17:40+00:00,PM1,OP03,MACHINE_SPEED_SP,900.0,934.27,SETPOINT_NUDGE,
2026-02-23 03:19:35+00:00,PM1,OP05,STOCK_FLOW_SP,95.68,91.85,SETPOINT_NUDGE,
2026-02-23 03:21:30+00:00,PM1,OP01,MACHINE_SPEED_SP,900.0,918.97,SETPOINT_NUDGE,
2026-02-23 14:02:45+00:00,PM1,OP02,MACHINE_SPEED_SP,900.0,896.0,SETPOINT_NUDGE,
2026-02-23 14:04:15+00:00,PM1,OP02,STOCK_FLOW_SP,100.93,98.04,SETPOINT_NUDGE,
2026-02-23 14:05:40+00:00,PM1,OP02,STOCK_FLOW_SP,103.61,102.02,SETPOINT_NUDGE,
2026-02-23 14:07:10+00:00,PM1,OP02,STOCK_FLOW_SP,107.39,108.78,SETPOINT_NUDGE,
2026-02-23 14:08:45+00:00,PM1,OP05,STOCK_FLOW_SP,111.23,113.11,SETPOINT_NUDGE,
2026-02-23 14:10:30+00:00,PM1,OP02,MACHINE_SPEED_SP,900.0,889.44,SETPOINT_NUDGE,
2026-02-23 14:15:00+00:00,PM1,OP05,STOCK_FLOW_SP,113.9,113.35,SETPOINT_NUDGE,
2026-02-23 14:21:05+00:00,PM1,OP03,STOCK_FLOW_SP,113.9,115.37,SETPOINT_NUDGE,
2026-02-23 17:00:20+00:00,PM1,OP03,MACHINE_SPEED_SP,900.0,920.49,SETPOINT_NUDGE,
2026-02-23 17:07:25+00:00,PM1,OP02,STOCK_FLOW_SP,103.32,102.23,SETPOINT_NUDGE,
2026-02-23 17:09:20+00:00,PM1,OP04,MACHINE_SPEED_SP,900.0,921.09,SETPOINT_NUDGE,
2026-02-23 17:10:45+00:00,PM1,OP05,MACHINE_SPEED_SP,900.0,914.31,SETPOINT_NUDGE,
2026-02-23 17:13:05+00:00,PM1,OP03,MACHINE_SPEED_SP,900.0,902.84,SETPOINT_NUDGE,
2026-02-24 02:04:35+00:00,PM1,OP02,STOCK_FLOW_SP,113.29,114.65,SETPOINT_NUDGE,
2026-02-24 02:08:00+00:00,PM1,OP05,STOCK_FLOW_SP,109.76,108.18,SETPOINT_NUDGE,
2026-02-24 02:10:05+00:00,PM1,OP02,MACHINE_SPEED_SP,900.0,914.05,SETPOINT_NUDGE,
2026-02-24 09:00:20+00:00,PM1,OP05,MACHINE_SPEED_SP,900.0,915.22,SETPOINT_NUDGE,
2026-02-24 09:04:15+00:00,PM1,OP01,MACHINE_SPEED_SP,900.0,874.13,SETPOINT_NUDGE,
2026-02-24 09:06:25+00:00,PM1,OP05,STOCK_FLOW_SP,103.08,104.0,SETPOINT_NUDGE,
2026-02-24 09:08:05+00:00,PM1,OP03,MACHINE_SPEED_SP,900.0,922.37,SETPOINT_NUDGE,
2026-02-24 09:10:05+00:00,PM1,OP05,STOCK_FLOW_SP,96.12,94.86,SETPOINT_NUDGE,
2026-02-24 23:00:40+00:00,PM1,OP04,STOCK_FLOW_SP,113.9,112.72,SETPOINT_NUDGE,
2026-02-24 23:04:20+00:00,PM1,OP05,MACHINE_SPEED_SP,900.0,881.12,SETPOINT_NUDGE,
2026-02-24 23:05:55+00:00,PM1,OP05,STOCK_FLOW_SP,112.07,113.08,SETPOINT_NUDGE,
2026-02-24 23:08:55+00:00,PM1,OP05,MACHINE_SPEED_SP,900.0,920.19,SETPOINT_NUDGE,
2026-02-25 01:03:40+00:00,PM1,OP05,STOCK_FLOW_SP,95.76,95.29,SETPOINT_NUDGE,
2026-02-25 01:05:10+00:00,PM1,OP04,MACHINE_SPEED_SP,900.0,902.85,SETPOINT_NUDGE,
2026-02-25 01:07:55+00:00,PM1,OP04,STOCK_FLOW_SP,98.58,99.83,SETPOINT_NUDGE,
2026-02-25 01:10:05+00:00,PM1,OP04,STOCK_FLOW_SP,99.86,101.13,SETPOINT_NUDGE,
2026-02-25 01:13:10+00:00,PM1,OP05,STOCK_FLOW_SP,100.01,99.64,SETPOINT_NUDGE,
2026-02-25 01:18:45+00:00,PM1,OP01,STOCK_FLOW_SP,100.01,100.53,SETPOINT_NUDGE,
2026-02-25 18:00:55+00:00,PM1,OP02,STOCK_FLOW_SP,95.68,96.99,SETPOINT_NUDGE,
2026-02-25 18:04:15+00:00,PM1,OP04,MACHINE_SPEED_SP,900.0,921.41,SETPOINT_NUDGE,
2026-02-25 18:07:10+00:00,PM1,OP03,STOCK_FLOW_SP,102.14,103.77,SETPOINT_NUDGE,
2026-02-25 18:08:45+00:00,PM1,OP02,MACHINE_SPEED_SP,900.0,885.78,SETPOINT_NUDGE,
2026-02-25 18:10:20+00:00,PM1,OP03,STOCK_FLOW_SP,107.6,109.2,SETPOINT_NUDGE,
2026-02-25 18:15:30+00:00,PM1,OP03,STOCK_FLOW_SP,107.83,110.47,SETPOINT_NUDGE,
2026-02-25 18:17:00+00:00,PM1,OP01,MACHINE_SPEED_SP,900.0,871.83,SETPOINT_NUDGE,
2026-02-25 18:18:30+00:00,PM1,OP01,STOCK_FLOW_SP,107.83,110.65,SETPOINT_NUDGE,
2026-02-26 05:04:10+00:00,PM1,OP05,STOCK_FLOW_SP,107.38,109.12,SETPOINT_NUDGE,
2026-02-26 05:08:45+00:00,PM1,OP04,MACHINE_SPEED_SP,900.0,916.77,SETPOINT_NUDGE,
2026-02-26 05:10:45+00:00,PM1,OP02,STOCK_FLOW_SP,100.04,98.82,SETPOINT_NUDGE,
2026-02-26 07:05:40+00:00,PM1,OP04,STOCK_FLOW_SP,109.18,106.08,SETPOINT_NUDGE,
2026-02-26 07:07:55+00:00,PM1,OP05,MACHINE_SPEED_SP,900.0,940.77,SETPOINT_NUDGE,
2026-02-26 07:09:30+00:00,PM1,OP02,STOCK_FLOW_SP,97.36,92.81,SETPOINT_NUDGE,
2026-02-26 07:11:10+00:00,PM1,OP04,STOCK_FLOW_SP,95.68,91.48,SETPOINT_NUDGE,
2026-02-26 07:14:20+00:00,PM1,OP04,STOCK_FLOW_SP,95.68,94.26,SETPOINT_NUDGE,
2026-02-27 04:00:20+00:00,PM1,OP05,STOCK_FLOW_SP,107.83,109.01,SETPOINT_NUDGE,
2026-02-27 04:04:10+00:00,PM1,OP05,STOCK_FLOW_SP,107.38,108.86,SETPOINT_NUDGE,
2026-02-27 04:05:45+00:00,PM1,OP03,STOCK_FLOW_SP,105.7,107.64,SETPOINT_NUDGE,
2026-02-27 04:07:35+00:00,PM1,OP01,STOCK_FLOW_SP,103.07,102.53,SETPOINT_NUDGE,
2026-02-27 04:09:10+00:00,PM1,OP04,MACHINE_SPEED_SP,900.0,910.9,SETPOINT_NUDGE,
2026-02-27 04:10:45+00:00,PM1,OP05,STOCK_FLOW_SP,100.04,98.97,SETPOINT_NUDGE,
2026-02-27 04:16:45+00:00,PM1,OP01,STOCK_FLOW_SP,100.01,99.65,SETPOINT_NUDGE,
2026-02-27 11:04:20+00:00,PM1,OP03,STOCK_FLOW_SP,113.45,114.22,SETPOINT_NUDGE,
2026-02-27 11:08:00+00:00,PM1,OP04,STOCK_FLOW_SP,109.76,108.56,SETPOINT_NUDGE,
2026-02-27 11:09:55+00:00,PM1,OP02,MACHINE_SPEED_SP,900.0,908.59,SETPOINT_NUDGE,
2026-02-27 20:06:40+00:00,PM1,OP02,STOCK_FLOW_SP,107.83,106.53,SETPOINT_NUDGE,
2026-02-27 20:08:50+00:00,PM1,OP02,STOCK_FLOW_SP,102.52,98.88,SETPOINT_NUDGE,
2026-02-27 20:10:30+00:00,PM1,OP02,MACHINE_SPEED_SP,900.0,928.55,SETPOINT_NUDGE,
2026-02-27 20:12:00+00:00,PM1,OP02,MACHINE_SPEED_SP,900.0,896.37,SETPOINT_NUDGE,
2026-02-27 17:04:25+00:00,PM1,OP03,STOCK_FLOW_SP,108.34,106.77,SETPOINT_NUDGE,
2026-02-27 17:08:35+00:00,PM1,OP02,MACHINE_SPEED_SP,900.0,895.24,SETPOINT_NUDGE,
2026-02-27 17:10:45+00:00,PM1,OP04,STOCK_FLOW_SP,113.89,115.04,SETPOINT_NUDGE,
2026-02-27 17:20:10+00:00,PM1,OP05,MACHINE_SPEED_SP,900.0,904.6,SETPOINT_NUDGE,
2026-02-28 01:04:10+00:00,PM1,OP01,STOCK_FLOW_SP,108.18,106.24,SETPOINT_NUDGE,
2026-02-28 01:05:40+00:00,PM1,OP05,STOCK_FLOW_SP,109.41,109.06,SETPOINT_NUDGE,
2026-02-28 01:09:05+00:00,PM1,OP05,STOCK_FLOW_SP,113.03,113.78,SETPOINT_NUDGE,
2026-02-28 01:15:30+00:00,PM1,OP02,MACHINE_SPEED_SP,900.0,904.81,SETPOINT_NUDGE,
2026-02-28 16:00:20+00:00,PM1,OP02,STOCK_FLOW_SP,100.01,98.58,SETPOINT_NUDGE,
2026-02-28 16:02:55+00:00,PM1,OP04,MACHINE_SPEED_SP,900.0,896.58,SETPOINT_NUDGE,
2026-02-28 16:04:35+00:00,PM1,OP01,MACHINE_SPEED_SP,900.0,926.24,SETPOINT_NUDGE,
2026-02-28 16:06:05+00:00,PM1,OP01,MACHINE_SPEED_SP,900.0,910.77,SETPOINT_NUDGE,
2026-02-28 16:07:35+00:00,PM1,OP03,STOCK_FLOW_SP,108.47,110.21,SETPOINT_NUDGE,
2026-02-28 16:09:05+00:00,PM1,OP05,STOCK_FLOW_SP,111.89,114.31,SETPOINT_NUDGE,
2026-02-28 16:10:40+00:00,PM1,OP02,STOCK_FLOW_SP,113.83,114.73,SETPOINT_NUDGE,
2026-03-01 02:03:50+00:00,PM1,OP04,STOCK_FLOW_SP,107.47,110.39,SETPOINT_NUDGE,
2026-03-01 02:05:20+00:00,PM1,OP05,STOCK_FLOW_SP,105.34,108.04,SETPOINT_NUDGE,
2026-03-01 02:07:00+00:00,PM1,OP05,MACHINE_SPEED_SP,900.0,889.0,SETPOINT_NUDGE,
2026-03-01 02:08:50+00:00,PM1,OP04,STOCK_FLOW_SP,97.87,96.69,SETPOINT_NUDGE,
2026-03-01 02:10:30+00:00,PM1,OP01,MACHINE_SPEED_SP,900.0,922.05,SETPOINT_NUDGE,
2026-03-01 02:14:50+00:00,PM1,OP05,STOCK_FLOW_SP,95.68,94.6,SETPOINT_NUDGE,
2026-03-01 02:16:35+00:00,PM1,OP04,MACHINE_SPEED_SP,900.0,888.17,SETPOINT_NUDGE,
2026-03-01 15:07:00+00:00,PM1,OP03,STOCK_FLOW_SP,110.87,110.42,SETPOINT_NUDGE,
2026-03-01 15:08:35+00:00,PM1,OP02,STOCK_FLOW_SP,109.16,107.42,SETPOINT_NUDGE,
2026-03-01 15:10:15+00:00,PM1,OP03,STOCK_FLOW_SP,107.98,105.42,SETPOINT_NUDGE,
2026-03-01 15:20:25+00:00,PM1,OP05,STOCK_FLOW_SP,107.83,111.16,SETPOINT_NUDGE,
2026-03-01 15:04:50+00:00,PM1,OP02,STOCK_FLOW_SP,106.79,107.66,SETPOINT_NUDGE,
2026-03-01 15:07:35+00:00,PM1,OP04,STOCK_FLOW_SP,103.07,101.55,SETPOINT_NUDGE,
2026-03-01 15:10:30+00:00,PM1,OP03,MACHINE_SPEED_SP,900.0,913.79,SETPOINT_NUDGE,
2026-03-01 15:16:55+00:00,PM1,OP04,MACHINE_SPEED_SP,900.0,891.68,SETPOINT_NUDGE,
2026-03-02 03:00:40+00:00,PM1,OP02,MACHINE_SPEED_SP,900.0,906.27,SETPOINT_NUDGE,
2026-03-02 03:04:10+00:00,PM1,OP05,MACHINE_SPEED_SP,900.0,926.3,SETPOINT_NUDGE,
2026-03-02 03:05:50+00:00,PM1,OP05,MACHINE_SPEED_SP,900.0,911.31,SETPOINT_NUDGE,
2026-03-02 03:09:20+00:00,PM1,OP05,STOCK_FLOW_SP,113.22,114.2,SETPOINT_NUDGE,
2026-03-02 17:01:25+00:00,PM1,OP03,STOCK_FLOW_SP,95.68,96.31,SETPOINT_NUDGE,
2026-03-02 17:04:15+00:00,PM1,OP03,STOCK_FLOW_SP,96.88,94.54,SETPOINT_NUDGE,
2026-03-02 17:06:05+00:00,PM1,OP04,STOCK_FLOW_SP,101.71,102.78,SETPOINT_NUDGE,
2026-03-02 17:08:00+00:00,PM1,OP01,STOCK_FLOW_SP,108.14,110.72,SETPOINT_NUDGE,
2026-03-02 17:09:35+00:00,PM1,OP04,MACHINE_SPEED_SP,900.0,877.52,SETPOINT_NUDGE,
2026-03-02 17:11:15+00:00,PM1,OP04,STOCK_FLOW_SP,113.9,114.7,SETPOINT_NUDGE,
2026-03-03 01:06:40+00:00,PM1,OP01,STOCK_FLOW_SP,111.25,110.34,SETPOINT_NUDGE,
2026-03-03 01:08:15+00:00,PM1,OP05,STOCK_FLOW_SP,109.49,105.25,SETPOINT_NUDGE,
2026-03-03 01:10:00+00:00,PM1,OP01,STOCK_FLOW_SP,108.1,103.79,SETPOINT_NUDGE,
2026-03-03 01:12:20+00:00,PM1,OP02,STOCK_FLOW_SP,107.83,107.26,SETPOINT_NUDGE,
2026-03-03 12:00:35+00:00,PM1,OP05,MACHINE_SPEED_SP,900.0,895.44,SETPOINT_NUDGE,
2026-03-03 12:04:10+00:00,PM1,OP05,MACHINE_SPEED_SP,900.0,915.86,SETPOINT_NUDGE,
2026-03-03 12:06:50+00:00,PM1,OP01,STOCK_FLOW_SP,104.22,106.57,SETPOINT_NUDGE,
2026-03-03 12:08:20+00:00,PM1,OP04,MACHINE_SPEED_SP,900.0,878.52,SETPOINT_NUDGE,
2026-03-03 12:10:05+00:00,PM1,OP05,MACHINE_SPEED_SP,900.0,869.3,SETPOINT_NUDGE,
2026-03-03 12:12:40+00:00,PM1,OP02,STOCK_FLOW_SP,113.9,114.55,SETPOINT_NUDGE,
2026-03-03 23:02:35+00:00,PM1,OP03,STOCK_FLOW_SP,100.01,100.36,SETPOINT_NUDGE,
2026-03-03 23:05:00+00:00,PM1,OP03,MACHINE_SPEED_SP,900.0,911.75,SETPOINT_NUDGE,
2026-03-03 23:07:30+00:00,PM1,OP02,STOCK_FLOW_SP,104.65,105.95,SETPOINT_NUDGE,
2026-03-03 23:08:55+00:00,PM1,OP01,MACHINE_SPEED_SP,900.0,886.56,SETPOINT_NUDGE,
2026-03-03 23:10:30+00:00,PM1,OP05,STOCK_FLOW_SP,107.75,108.68,SETPOINT_NUDGE,
2026-03-03 20:04:20+00:00,PM1,OP03,STOCK_FLOW_SP,106.93,109.61,SETPOINT_NUDGE,
2026-03-03 20:05:50+00:00,PM1,OP03,MACHINE_SPEED_SP,900.0,880.0,SETPOINT_NUDGE,
2026-03-03 20:07:45+00:00,PM1,OP01,STOCK_FLOW_SP,100.07,98.68,SETPOINT_NUDGE,
2026-03-03 20:09:10+00:00,PM1,OP04,MACHINE_SPEED_SP,900.0,933.89,SETPOINT_NUDGE,
2026-03-03 20:10:50+00:00,PM1,OP02,MACHINE_SPEED_SP,900.0,927.54,SETPOINT_NUDGE,
2026-03-04 10:00:40+00:00,PM1,OP04,STOCK_FLOW_SP,107.83,106.8,SETPOINT_NUDGE,
2026-03-04 10:04:30+00:00,PM1,OP01,STOCK_FLOW_SP,108.39,107.17,SETPOINT_NUDGE,
2026-03-04 10:09:10+00:00,PM1,OP01,STOCK_FLOW_SP,113.09,114.38,SETPOINT_NUDGE,
2026-03-04 10:11:40+00:00,PM1,OP04,MACHINE_SPEED_SP,900.0,894.45,SETPOINT_NUDGE,
2026-03-04 10:15:40+00:00,PM1,OP04,STOCK_FLOW_SP,113.9,115.04,SETPOINT_NUDGE,
2026-03-05 04:00:35+00:00,PM1,OP01,STOCK_FLOW_SP,107.83,108.55,SETPOINT_NUDGE,
2026-03-05 04:07:10+00:00,PM1,OP01,STOCK_FLOW_SP,103.68,101.57,SETPOINT_NUDGE,
2026-03-05 04:08:55+00:00,PM1,OP04,STOCK_FLOW_SP,101.33,97.12,SETPOINT_NUDGE,
2026-03-05 04:10:40+00:00,PM1,OP05,STOCK_FLOW_SP,100.05,97.1,SETPOINT_NUDGE,
2026-03-05 00:04:10+00:00,PM1,OP05,MACHINE_SPEED_SP,900.0,891.93,SETPOINT_NUDGE,
2026-03-05 00:07:45+00:00,PM1,OP05,MACHINE_SPEED_SP,900.0,906.04,SETPOINT_NUDGE,
2026-03-05 00:09:15+00:00,PM1,OP01,MACHINE_SPEED_SP,900.0,907.72,SETPOINT_NUDGE,
2026-03-05 00:21:25+00:00,PM1,OP01,MACHINE_SPEED_SP,900.0,909.32,SETPOINT_NUDGE,
2026-03-05 15:00:40+00:00,PM1,OP02,MACHINE_SPEED_SP,900.0,908.36,SETPOINT_NUDGE,
2026-03-05 15:02:25+00:00,PM1,OP01,STOCK_FLOW_SP,100.01,98.94,SETPOINT_NUDGE,
2026-03-05 15:04:05+00:00,PM1,OP02,MACHINE_SPEED_SP,900.0,925.67,SETPOINT_NUDGE,
2026-03-05 15:08:40+00:00,PM1,OP03,MACHINE_SPEED_SP,900.0,890.16,SETPOINT_NUDGE,
2026-03-05 15:11:05+00:00,PM1,OP01,STOCK_FLOW_SP,107.83,109.22,SETPOINT_NUDGE,
2026-03-05 23:02:55+00:00,PM1,OP02,STOCK_FLOW_SP,95.68,96.63,SETPOINT_NUDGE,
2026-03-05 23:04:25+00:00,PM1,OP01,STOCK_FLOW_SP,96.69,93.97,SETPOINT_NUDGE,
2026-03-05 23:07:20+00:00,PM1,OP01,STOCK_FLOW_SP,102.52,104.42,SETPOINT_NUDGE,
2026-03-05 23:08:50+00:00,PM1,OP03,STOCK_FLOW_SP,105.64,107.6,SETPOINT_NUDGE,
2026-03-05 23:10:20+00:00,PM1,OP02,MACHINE_SPEED_SP,900.0,885.65,SETPOINT_NUDGE,
2026-03-06 03:00:15+00:00,PM1,OP02,MACHINE_SPEED_SP,900.0,913.82,SETPOINT_NUDGE,
2026-03-06 03:01:40+00:00,PM1,OP02,STOCK_FLOW_SP,95.68,94.13,SETPOINT_NUDGE,
2026-03-06 03:03:10+00:00,PM1,OP02,MACHINE_SPEED_SP,900.0,896.81,SETPOINT_NUDGE,
2026-03-06 03:04:40+00:00,PM1,OP05,STOCK_FLOW_SP,96.17,94.76,SETPOINT_NUDGE,
2026-03-06 03:07:00+00:00,PM1,OP05,STOCK_FLOW_SP,97.85,98.65,SETPOINT_NUDGE,
2026-03-06 03:11:15+00:00,PM1,OP05,MACHINE_SPEED_SP,900.0,895.52,SETPOINT_NUDGE,
2026-03-06 03:20:30+00:00,PM1,OP01,MACHINE_SPEED_SP,900.0,891.66,SETPOINT_NUDGE,
