event_id,t_sec,alarm
EVT0000,0,BASIS_WEIGHT_OFF_SPEC
EVT0000,75,BASIS_WEIGHT_OFF_SPEC
EVT0000,150,BASIS_WEIGHT_OFF_SPEC
EVT0000,225,BASIS_WEIGHT_OFF_SPEC
EVT0000,300,BASIS_WEIGHT_OFF_SPEC
EVT0000,375,BASIS_WEIGHT_OFF_SPEC
EVT0001,0,BASIS_WEIGHT_OFF_SPEC
EVT0001,75,BASIS_WEIGHT_OFF_SPEC
EVT0001,150,BASIS_WEIGHT_OFF_SPEC
EVT0001,225,BASIS_WEIGHT_OFF_SPEC
EVT0001,300,BASIS_WEIGHT_OFF_SPEC
EVT0001,375,BASIS_WEIGHT_OFF_SPEC
EVT0002,0,BASIS_WEIGHT_OFF_SPEC
EVT0002,75,BASIS_WEIGHT_OFF_SPEC
EVT0002,150,BASIS_WEIGHT_OFF_SPEC
EVT0002,225,BASIS_WEIGHT_OFF_SPEC
EVT0002,300,BASIS_WEIGHT_OFF_SPEC
EVT0002,420,BASIS_WEIGHT_OFF_SPEC
EVT0003,0,BASIS_WEIGHT_OFF_SPEC
EVT0003,75,BASIS_WEIGHT_OFF_SPEC
EVT0003,150,BASIS_WEIGHT_OFF_SPEC
EVT0003,225,BASIS_WEIGHT_OFF_SPEC
EVT0003,300,BASIS_WEIGHT_OFF_SPEC
EVT0003,375,BASIS_WEIGHT_OFF_SPEC
EVT0003,450,BASIS_WEIGHT_OFF_SPEC
EVT0003,525,BASIS_WEIGHT_OFF_SPEC
EVT0003,945,BASIS_WEIGHT_OFF_SPEC
EVT0004,0,BASIS_WEIGHT_OFF_SPEC
EVT0004,75,BASIS_WEIGHT_OFF_SPEC
EVT0004,150,BASIS_WEIGHT_OFF_SPEC
EVT0004,225,BASIS_WEIGHT_OFF_SPEC
EVT0004,300,BASIS_WEIGHT_OFF_SPEC
EVT0004,375,BASIS_WEIGHT_OFF_SPEC
EVT0004,450,BASIS_WEIGHT_OFF_SPEC
EVT0004,525,BASIS_WEIGHT_OFF_SPEC
EVT0004,600,BASIS_WEIGHT_OFF_SPEC
EVT0004,675,BASIS_WEIGHT_OFF_SPEC
EVT0004,765,BASIS_WEIGHT_OFF_SPEC
EVT0005,0,BASIS_WEIGHT_OFF_SPEC
EVT0005,75,BASIS_WEIGHT_OFF_SPEC
EVT0005,150,BASIS_WEIGHT_OFF_SPEC
EVT0005,225,BASIS_WEIGHT_OFF_SPEC
EVT0005,300,BASIS_WEIGHT_OFF_SPEC
EVT0005,390,BASIS_WEIGHT_OFF_SPEC
EVT0005,480,BASIS_WEIGHT_OFF_SPEC
EVT0005,660,BASIS_WEIGHT_OFF_SPEC
EVT0006,0,BASIS_WEIGHT_OFF_SPEC
EVT0006,75,BASIS_WEIGHT_OFF_SPEC
EVT0006,150,BASIS_WEIGHT_OFF_SPEC
EVT0006,225,BASIS_WEIGHT_OFF_SPEC
EVT0006,300,BASIS_WEIGHT_OFF_SPEC
EVT0006,375,BASIS_WEIGHT_OFF_SPEC
EVT0006,450,BASIS_WEIGHT_OFF_SPEC
EVT0006,525,BASIS_WEIGHT_OFF_SPEC
EVT0006,600,BASIS_WEIGHT_OFF_SPEC
EVT0006,705,BASIS_WEIGHT_OFF_SPEC
EVT0007,0,BASIS_WEIGHT_OFF_SPEC
EVT0007,75,BASIS_WEIGHT_OFF_SPEC
EVT0007,150,BASIS_WEIGHT_OFF_SPEC
EVT0007,225,BASIS_WEIGHT_OFF_SPEC
EVT0007,300,BASIS_WEIGHT_OFF_SPEC
EVT0007,375,BASIS_WEIGHT_OFF_SPEC
EVT0007,450,BASIS_WEIGHT_OFF_SPEC
EVT0008,0,BASIS_WEIGHT_OFF_SPEC
EVT0008,75,BASIS_WEIGHT_OFF_SPEC
EVT0008,150,BASIS_WEIGHT_OFF_SPEC
EVT0008,225,BASIS_WEIGHT_OFF_SPEC
EVT0008,300,BASIS_WEIGHT_OFF_SPEC
EVT0009,0,BASIS_WEIGHT_OFF_SPEC
EVT0009,75,BASIS_WEIGHT_OFF_SPEC
EVT0009,150,BASIS_WEIGHT_OFF_SPEC
EVT0009,225,BASIS_WEIGHT_OFF_SPEC
EVT0009,300,BASIS_WEIGHT_OFF_SPEC
EVT0009,375,BASIS_WEIGHT_OFF_SPEC
EVT0009,450,BASIS_WEIGHT_OFF_SPEC
EVT0009,525,BASIS_WEIGHT_OFF_SPEC
EVT0009,600,BASIS_WEIGHT_OFF_SPEC
EVT0009,675,BASIS_WEIGHT_OFF_SPEC
EVT0009,750,BASIS_WEIGHT_OFF_SPEC
EVT0009,855,BASIS_WEIGHT_OFF_SPEC
EVT0010,0,BASIS_WEIGHT_OFF_SPEC
EVT0010,75,BASIS_WEIGHT_OFF_SPEC
EVT0010,150,BASIS_WEIGHT_OFF_SPEC
EVT0010,225,BASIS_WEIGHT_OFF_SPEC
EVT0010,300,BASIS_WEIGHT_OFF_SPEC
EVT0010,375,BASIS_WEIGHT_OFF_SPEC
EVT0010,450,BASIS_WEIGHT_OFF_SPEC
EVT0010,525,BASIS_WEIGHT_OFF_SPEC
EVT0010,600,BASIS_WEIGHT_OFF_SPEC
EVT0010,675,BASIS_WEIGHT_OFF_SPEC
EVT0010,765,BASIS_WEIGHT_OFF_SPEC
EVT0011,0,BASIS_WEIGHT_OFF_SPEC
EVT0011,75,BASIS_WEIGHT_OFF_SPEC
EVT0011,150,BASIS_WEIGHT_OFF_SPEC
EVT0011,225,BASIS_WEIGHT_OFF_SPEC
EVT0011,300,BASIS_WEIGHT_OFF_SPEC
EVT0011,405,BASIS_WEIGHT_OFF_SPEC
EVT0012,0,BASIS_WEIGHT_OFF_SPEC
EVT0012,75,BASIS_WEIGHT_OFF_SPEC
EVT0012,150,BASIS_WEIGHT_OFF_SPEC
EVT0012,225,BASIS_WEIGHT_OFF_SPEC
EVT0012,300,BASIS_WEIGHT_OFF_SPEC
EVT0012,375,BASIS_WEIGHT_OFF_SPEC
EVT0013,0,BASIS_WEIGHT_OFF_SPEC
EVT0013,75,BASIS_WEIGHT_OFF_SPEC
EVT0013,150,BASIS_WEIGHT_OFF_SPEC
EVT0013,225,BASIS_WEIGHT_OFF_SPEC
EVT0013,300,BASIS_WEIGHT_OFF_SPEC
EVT0014,0,BASIS_WEIGHT_OFF_SPEC
EVT0014,75,BASIS_WEIGHT_OFF_SPEC
EVT0014,150,BASIS_WEIGHT_OFF_SPEC
EVT0014,225,BASIS_WEIGHT_OFF_SPEC
EVT0014,300,BASIS_WEIGHT_OFF_SPEC
EVT0014,375,BASIS_WEIGHT_OFF_SPEC
EVT0014,450,BASIS_WEIGHT_OFF_SPEC
EVT0014,525,BASIS_WEIGHT_OFF_SPEC
EVT0014,600,BASIS_WEIGHT_OFF_SPEC
EVT0014,675,BASIS_WEIGHT_OFF_SPEC
EVT0014,780,BASIS_WEIGHT_OFF_SPEC
EVT0014,930,BASIS_WEIGHT_OFF_SPEC
EVT0015,0,BASIS_WEIGHT_OFF_SPEC
EVT0015,75,BASIS_WEIGHT_OFF_SPEC
EVT0015,150,BASIS_WEIGHT_OFF_SPEC
EVT0015,225,BASIS_WEIGHT_OFF_SPEC
EVT0015,300,BASIS_WEIGHT_OFF_SPEC
EVT0015,375,BASIS_WEIGHT_OFF_SPEC
EVT0015,450,BASIS_WEIGHT_OFF_SPEC
EVT0015,525,BASIS_WEIGHT_OFF_SPEC
EVT0015,600,BASIS_WEIGHT_OFF_SPEC
EVT0015,675,BASIS_WEIGHT_OFF_SPEC
EVT0015,780,BASIS_WEIGHT_OFF_SPEC
EVT0015,915,BASIS_WEIGHT_OFF_SPEC
EVT0016,0,BASIS_WEIGHT_OFF_SPEC
EVT0016,75,BASIS_WEIGHT_OFF_SPEC
EVT0016,150,BASIS_WEIGHT_OFF_SPEC
EVT0016,225,BASIS_WEIGHT_OFF_SPEC
EVT0016,300,BASIS_WEIGHT_OFF_SPEC
EVT0016,375,BASIS_WEIGHT_OFF_SPEC
EVT0016,540,BASIS_WEIGHT_OFF_SPEC
EVT0017,0,BASIS_WEIGHT_OFF_SPEC
EVT0017,75,BASIS_WEIGHT_OFF_SPEC
EVT0017,150,BASIS_WEIGHT_OFF_SPEC
EVT0017,225,BASIS_WEIGHT_OFF_SPEC
EVT0017,300,BASIS_WEIGHT_OFF_SPEC
EVT0017,375,BASIS_WEIGHT_OFF_SPEC
EVT0017,510,BASIS_WEIGHT_OFF_SPEC
EVT0018,0,BASIS_WEIGHT_OFF_SPEC
EVT0018,75,BASIS_WEIGHT_OFF_SPEC
EVT0018,150,BASIS_WEIGHT_OFF_SPEC
EVT0018,225,BASIS_WEIGHT_OFF_SPEC
EVT0018,300,BASIS_WEIGHT_OFF_SPEC
EVT0018,375,BASIS_WEIGHT_OFF_SPEC
EVT0018,450,BASIS_WEIGHT_OFF_SPEC
EVT0018,525,BASIS_WEIGHT_OFF_SPEC
EVT0018,600,BASIS_WEIGHT_OFF_SPEC
EVT0018,675,BASIS_WEIGHT_OFF_SPEC
EVT0018,780,BASIS_WEIGHT_OFF_SPEC
EVT0019,0,BASIS_WEIGHT_OFF_SPEC
EVT0019,75,BASIS_WEIGHT_OFF_SPEC
EVT0019,150,BASIS_WEIGHT_OFF_SPEC
EVT0019,225,BASIS_WEIGHT_OFF_SPEC
EVT0019,300,BASIS_WEIGHT_OFF_SPEC
EVT0019,375,BASIS_WEIGHT_OFF_SPEC
EVT0019,465,BASIS_WEIGHT_OFF_SPEC
EVT0020,0,BASIS_WEIGHT_OFF_SPEC
EVT0020,75,BASIS_WEIGHT_OFF_SPEC
EVT0020,150,BASIS_WEIGHT_OFF_SPEC
EVT0020,225,BASIS_WEIGHT_OFF_SPEC
EVT0020,300,BASIS_WEIGHT_OFF_SPEC
EVT0020,375,BASIS_WEIGHT_OFF_SPEC
EVT0020,450,BASIS_WEIGHT_OFF_SPEC
EVT0020,525,BASIS_WEIGHT_OFF_SPEC
EVT0020,615,BASIS_WEIGHT_OFF_SPEC
EVT0020,750,BASIS_WEIGHT_OFF_SPEC
EVT0021,0,BASIS_WEIGHT_OFF_SPEC
EVT0021,75,BASIS_WEIGHT_OFF_SPEC
EVT0021,150,BASIS_WEIGHT_OFF_SPEC
EVT0021,225,BASIS_WEIGHT_OFF_SPEC
EVT0021,300,BASIS_WEIGHT_OFF_SPEC
EVT0021,375,BASIS_WEIGHT_OFF_SPEC
EVT0021,450,BASIS_WEIGHT_OFF_SPEC
EVT0021,525,BASIS_WEIGHT_OFF_SPEC
EVT0021,600,BASIS_WEIGHT_OFF_SPEC
EVT0021,705,BASIS_WEIGHT_OFF_SPEC
EVT0022,0,BASIS_WEIGHT_OFF_SPEC
EVT0022,75,BASIS_WEIGHT_OFF_SPEC
EVT0022,150,BASIS_WEIGHT_OFF_SPEC
EVT0022,225,BASIS_WEIGHT_OFF_SPEC
EVT0022,300,BASIS_WEIGHT_OFF_SPEC
EVT0022,375,BASIS_WEIGHT_OFF_SPEC
EVT0022,450,BASIS_WEIGHT_OFF_SPEC
EVT0022,525,BASIS_WEIGHT_OFF_SPEC
EVT0022,615,BASIS_WEIGHT_OFF_SPEC
EVT0023,0,BASIS_WEIGHT_OFF_SPEC
EVT0023,75,BASIS_WEIGHT_OFF_SPEC
EVT0023,150,BASIS_WEIGHT_OFF_SPEC
EVT0023,225,BASIS_WEIGHT_OFF_SPEC
EVT0023,300,BASIS_WEIGHT_OFF_SPEC
EVT0023,375,BASIS_WEIGHT_OFF_SPEC
EVT0023,465,BASIS_WEIGHT_OFF_SPEC
EVT0023,630,BASIS_WEIGHT_OFF_SPEC
EVT0024,0,BASIS_WEIGHT_OFF_SPEC
EVT0024,75,BASIS_WEIGHT_OFF_SPEC
EVT0024,150,BASIS_WEIGHT_OFF_SPEC
EVT0024,225,BASIS_WEIGHT_OFF_SPEC
EVT0024,300,BASIS_WEIGHT_OFF_SPEC
EVT0024,390,BASIS_WEIGHT_OFF_SPEC
EVT0024,465,BASIS_WEIGHT_OFF_SPEC
EVT0024,660,BASIS_WEIGHT_OFF_SPEC
EVT0025,0,BASIS_WEIGHT_OFF_SPEC
EVT0025,75,BASIS_WEIGHT_OFF_SPEC
EVT0025,150,BASIS_WEIGHT_OFF_SPEC
EVT0025,225,BASIS_WEIGHT_OFF_SPEC
EVT0025,300,BASIS_WEIGHT_OFF_SPEC
EVT0025,375,BASIS_WEIGHT_OFF_SPEC
EVT0026,0,BASIS_WEIGHT_OFF_SPEC
EVT0026,75,BASIS_WEIGHT_OFF_SPEC
EVT0026,150,BASIS_WEIGHT_OFF_SPEC
EVT0026,225,BASIS_WEIGHT_OFF_SPEC
EVT0026,300,BASIS_WEIGHT_OFF_SPEC
EVT0026,375,BASIS_WEIGHT_OFF_SPEC
EVT0026,450,BASIS_WEIGHT_OFF_SPEC
EVT0027,0,BASIS_WEIGHT_OFF_SPEC
EVT0027,75,BASIS_WEIGHT_OFF_SPEC
EVT0027,150,BASIS_WEIGHT_OFF_SPEC
EVT0027,225,BASIS_WEIGHT_OFF_SPEC
EVT0027,300,BASIS_WEIGHT_OFF_SPEC
EVT0027,375,BASIS_WEIGHT_OFF_SPEC
EVT0027,450,BASIS_WEIGHT_OFF_SPEC
EVT0027,525,BASIS_WEIGHT_OFF_SPEC
EVT0027,630,BASIS_WEIGHT_OFF_SPEC
EVT0028,0,BASIS_WEIGHT_OFF_SPEC
EVT0028,75,BASIS_WEIGHT_OFF_SPEC
EVT0028,150,BASIS_WEIGHT_OFF_SPEC
EVT0028,225,BASIS_WEIGHT_OFF_SPEC
EVT0028,300,BASIS_WEIGHT_OFF_SPEC
EVT0028,375,BASIS_WEIGHT_OFF_SPEC
EVT0028,450,BASIS_WEIGHT_OFF_SPEC
EVT0028,525,BASIS_WEIGHT_OFF_SPEC
EVT0029,0,BASIS_WEIGHT_OFF_SPEC
EVT0029,75,BASIS_WEIGHT_OFF_SPEC
EVT0029,150,BASIS_WEIGHT_OFF_SPEC
EVT0029,225,BASIS_WEIGHT_OFF_SPEC
EVT0029,300,BASIS_WEIGHT_OFF_SPEC
EVT0029,375,BASIS_WEIGHT_OFF_SPEC
EVT0029,450,BASIS_WEIGHT_OFF_SPEC
EVT0029,525,BASIS_WEIGHT_OFF_SPEC
EVT0029,810,BASIS_WEIGHT_OFF_SPEC
EVT0030,0,BASIS_WEIGHT_OFF_SPEC
EVT0030,75,BASIS_WEIGHT_OFF_SPEC
EVT0030,150,BASIS_WEIGHT_OFF_SPEC
EVT0030,225,BASIS_WEIGHT_OFF_SPEC
EVT0030,300,BASIS_WEIGHT_OFF_SPEC
EVT0030,375,BASIS_WEIGHT_OFF_SPEC
EVT0030,450,BASIS_WEIGHT_OFF_SPEC
EVT0030,525,BASIS_WEIGHT_OFF_SPEC
EVT0030,615,BASIS_WEIGHT_OFF_SPEC
EVT0031,0,BASIS_WEIGHT_OFF_SPEC
EVT0031,75,BASIS_WEIGHT_OFF_SPEC
EVT0031,150,BASIS_WEIGHT_OFF_SPEC
EVT0031,225,BASIS_WEIGHT_OFF_SPEC
EVT0031,300,BASIS_WEIGHT_OFF_SPEC
EVT0031,375,BASIS_WEIGHT_OFF_SPEC
EVT0032,0,BASIS_WEIGHT_OFF_SPEC
EVT0032,75,BASIS_WEIGHT_OFF_SPEC
EVT0032,150,BASIS_WEIGHT_OFF_SPEC
EVT0032,225,BASIS_WEIGHT_OFF_SPEC
EVT0032,300,BASIS_WEIGHT_OFF_SPEC
EVT0032,375,BASIS_WEIGHT_OFF_SPEC
EVT0032,465,BASIS_WEIGHT_OFF_SPEC
EVT0033,0,BASIS_WEIGHT_OFF_SPEC
EVT0033,75,BASIS_WEIGHT_OFF_SPEC
EVT0033,150,BASIS_WEIGHT_OFF_SPEC
EVT0033,225,BASIS_WEIGHT_OFF_SPEC
EVT0033,300,BASIS_WEIGHT_OFF_SPEC
EVT0034,0,BASIS_WEIGHT_OFF_SPEC
EVT0034,75,BASIS_WEIGHT_OFF_SPEC
EVT0034,150,BASIS_WEIGHT_OFF_SPEC
EVT0034,225,BASIS_WEIGHT_OFF_SPEC
EVT0034,300,BASIS_WEIGHT_OFF_SPEC
EVT0034,375,BASIS_WEIGHT_OFF_SPEC
EVT0034,450,BASIS_WEIGHT_OFF_SPEC
EVT0034,525,BASIS_WEIGHT_OFF_SPEC
EVT0034,630,BASIS_WEIGHT_OFF_SPEC
EVT0035,0,BASIS_WEIGHT_OFF_SPEC
EVT0035,75,BASIS_WEIGHT_OFF_SPEC
EVT0035,150,BASIS_WEIGHT_OFF_SPEC
EVT0035,225,BASIS_WEIGHT_OFF_SPEC
EVT0035,300,BASIS_WEIGHT_OFF_SPEC
EVT0036,0,BASIS_WEIGHT_OFF_SPEC
EVT0036,75,BASIS_WEIGHT_OFF_SPEC
EVT0036,150,BASIS_WEIGHT_OFF_SPEC
EVT0036,225,BASIS_WEIGHT_OFF_SPEC
EVT0036,300,BASIS_WEIGHT_OFF_SPEC
EVT0036,390,BASIS_WEIGHT_OFF_SPEC
EVT0037,0,BASIS_WEIGHT_OFF_SPEC
EVT0037,75,BASIS_WEIGHT_OFF_SPEC
EVT0037,150,BASIS_WEIGHT_OFF_SPEC
EVT0037,225,BASIS_WEIGHT_OFF_SPEC
EVT0037,300,BASIS_WEIGHT_OFF_SPEC
EVT0037,375,BASIS_WEIGHT_OFF_SPEC
EVT0037,450,BASIS_WEIGHT_OFF_SPEC
EVT0037,525,BASIS_WEIGHT_OFF_SPEC
EVT0037,600,BASIS_WEIGHT_OFF_SPEC
EVT0037,675,BASIS_WEIGHT_OFF_SPEC
EVT0038,0,BASIS_WEIGHT_OFF_SPEC
EVT0038,75,BASIS_WEIGHT_OFF_SPEC
EVT0038,150,BASIS_WEIGHT_OFF_SPEC
EVT0038,225,BASIS_WEIGHT_OFF_SPEC
EVT0038,300,BASIS_WEIGHT_OFF_SPEC
EVT0038,375,BASIS_WEIGHT_OFF_SPEC
EVT0038,450,BASIS_WEIGHT_OFF_SPEC
EVT0038,540,BASIS_WEIGHT_OFF_SPEC
EVT0038,870,BASIS_WEIGHT_OFF_SPEC
EVT0039,0,BASIS_WEIGHT_OFF_SPEC
EVT0039,75,BASIS_WEIGHT_OFF_SPEC
EVT0039,150,BASIS_WEIGHT_OFF_SPEC
EVT0039,225,BASIS_WEIGHT_OFF_SPEC
EVT0039,300,BASIS_WEIGHT_OFF_SPEC
EVT0040,0,BASIS_WEIGHT_OFF_SPEC
EVT0040,75,BASIS_WEIGHT_OFF_SPEC
EVT0040,150,BASIS_WEIGHT_OFF_SPEC
EVT0040,225,BASIS_WEIGHT_OFF_SPEC
EVT0040,300,BASIS_WEIGHT_OFF_SPEC
EVT0040,375,BASIS_WEIGHT_OFF_SPEC
EVT0040,450,BASIS_WEIGHT_OFF_SPEC
EVT0041,0,BASIS_WEIGHT_OFF_SPEC
EVT0041,75,BASIS_WEIGHT_OFF_SPEC
EVT0041,150,BASIS_WEIGHT_OFF_SPEC
EVT0041,225,BASIS_WEIGHT_OFF_SPEC
EVT0041,300,BASIS_WEIGHT_OFF_SPEC
EVT0041,375,BASIS_WEIGHT_OFF_SPEC
EVT0041,465,BASIS_WEIGHT_OFF_SPEC
EVT0042,0,BASIS_WEIGHT_OFF_SPEC
EVT0042,75,BASIS_WEIGHT_OFF_SPEC
EVT0042,150,BASIS_WEIGHT_OFF_SPEC
EVT0042,225,BASIS_WEIGHT_OFF_SPEC
EVT0042,300,BASIS_WEIGHT_OFF_SPEC
EVT0042,375,BASIS_WEIGHT_OFF_SPEC
EVT0042,480,BASIS_WEIGHT_OFF_SPEC
EVT0042,630,BASIS_WEIGHT_OFF_SPEC
EVT0043,0,BASIS_WEIGHT_OFF_SPEC
EVT0043,75,BASIS_WEIGHT_OFF_SPEC
EVT0043,150,BASIS_WEIGHT_OFF_SPEC
EVT0043,225,BASIS_WEIGHT_OFF_SPEC
EVT0043,300,BASIS_WEIGHT_OFF_SPEC
EVT0043,390,BASIS_WEIGHT_OFF_SPEC
EVT0044,0,BASIS_WEIGHT_OFF_SPEC
EVT0044,75,BASIS_WEIGHT_OFF_SPEC
EVT0044,150,BASIS_WEIGHT_OFF_SPEC
EVT0044,225,BASIS_WEIGHT_OFF_SPEC
EVT0044,300,BASIS_WEIGHT_OFF_SPEC
EVT0045,0,BASIS_WEIGHT_OFF_SPEC
EVT0045,75,BASIS_WEIGHT_OFF_SPEC
EVT0045,150,BASIS_WEIGHT_OFF_SPEC
EVT0045,225,BASIS_WEIGHT_OFF_SPEC
EVT0045,300,BASIS_WEIGHT_OFF_SPEC
EVT0045,375,BASIS_WEIGHT_OFF_SPEC
EVT0046,0,BASIS_WEIGHT_OFF_SPEC
EVT0046,75,BASIS_WEIGHT_OFF_SPEC
EVT0046,150,BASIS_WEIGHT_OFF_SPEC
EVT0046,225,BASIS_WEIGHT_OFF_SPEC
EVT0046,300,BASIS_WEIGHT_OFF_SPEC
EVT0046,375,BASIS_WEIGHT_OFF_SPEC
EVT0046,450,BASIS_WEIGHT_OFF_SPEC
EVT0046,525,BASIS_WEIGHT_OFF_SPEC
EVT0046,615,BASIS_WEIGHT_OFF_SPEC
EVT0046,720,BASIS_WEIGHT_OFF_SPEC
EVT0047,0,BASIS_WEIGHT_OFF_SPEC
EVT0047,75,BASIS_WEIGHT_OFF_SPEC
EVT0047,150,BASIS_WEIGHT_OFF_SPEC
EVT0047,225,BASIS_WEIGHT_OFF_SPEC
EVT0047,300,BASIS_WEIGHT_OFF_SPEC
EVT0047,375,BASIS_WEIGHT_OFF_SPEC
EVT0047,450,BASIS_WEIGHT_OFF_SPEC
EVT0047,555,BASIS_WEIGHT_OFF_SPEC
EVT0048,0,BASIS_WEIGHT_OFF_SPEC
EVT0048,75,BASIS_WEIGHT_OFF_SPEC
EVT0048,150,BASIS_WEIGHT_OFF_SPEC
EVT0048,225,BASIS_WEIGHT_OFF_SPEC
EVT0048,300,BASIS_WEIGHT_OFF_SPEC
EVT0049,0,BASIS_WEIGHT_OFF_SPEC
EVT0049,75,BASIS_WEIGHT_OFF_SPEC
EVT0049,150,BASIS_WEIGHT_OFF_SPEC
EVT0049,225,BASIS_WEIGHT_OFF_SPEC
EVT0049,300,BASIS_WEIGHT_OFF_SPEC
EVT0049,375,BASIS_WEIGHT_OFF_SPEC
EVT0049,450,BASIS_WEIGHT_OFF_SPEC
EVT0049,525,BASIS_WEIGHT_OFF_SPEC
EVT0049,600,BASIS_WEIGHT_OFF_SPEC
EVT0049,675,BASIS_WEIGHT_OFF_SPEC
EVT0049,750,BASIS_WEIGHT_OFF_SPEC
EVT0049,840,BASIS_WEIGHT_OFF_SPEC
EVT0049,960,BASIS_WEIGHT_OFF_SPEC
EVT0050,0,BASIS_WEIGHT_OFF_SPEC
EVT0050,75,BASIS_WEIGHT_OFF_SPEC
EVT0050,150,BASIS_WEIGHT_OFF_SPEC
EVT0050,225,BASIS_WEIGHT_OFF_SPEC
EVT0050,300,BASIS_WEIGHT_OFF_SPEC
EVT0050,375,BASIS_WEIGHT_OFF_SPEC
EVT0050,450,BASIS_WEIGHT_OFF_SPEC
EVT0051,0,BASIS_WEIGHT_OFF_SPEC
EVT0051,75,BASIS_WEIGHT_OFF_SPEC
EVT0051,150,BASIS_WEIGHT_OFF_SPEC
EVT0051,225,BASIS_WEIGHT_OFF_SPEC
EVT0051,300,BASIS_WEIGHT_OFF_SPEC
EVT0051,375,BASIS_WEIGHT_OFF_SPEC
EVT0051,465,BASIS_WEIGHT_OFF_SPEC
EVT0051,600,BASIS_WEIGHT_OFF_SPEC
EVT0052,0,BASIS_WEIGHT_OFF_SPEC
EVT0052,75,BASIS_WEIGHT_OFF_SPEC
EVT0052,150,BASIS_WEIGHT_OFF_SPEC
EVT0052,225,BASIS_WEIGHT_OFF_SPEC
EVT0052,300,BASIS_WEIGHT_OFF_SPEC
EVT0052,375,BASIS_WEIGHT_OFF_SPEC
EVT0052,465,BASIS_WEIGHT_OFF_SPEC
EVT0052,585,BASIS_WEIGHT_OFF_SPEC
EVT0053,0,BASIS_WEIGHT_OFF_SPEC
EVT0053,75,BASIS_WEIGHT_OFF_SPEC
EVT0053,150,BASIS_WEIGHT_OFF_SPEC
EVT0053,225,BASIS_WEIGHT_OFF_SPEC
EVT0053,300,BASIS_WEIGHT_OFF_SPEC
EVT0053,375,BASIS_WEIGHT_OFF_SPEC
EVT0053,450,BASIS_WEIGHT_OFF_SPEC
EVT0053,525,BASIS_WEIGHT_OFF_SPEC
EVT0053,600,BASIS_WEIGHT_OFF_SPEC
EVT0054,0,BASIS_WEIGHT_OFF_SPEC
EVT0054,75,BASIS_WEIGHT_OFF_SPEC
EVT0054,150,BASIS_WEIGHT_OFF_SPEC
EVT0054,225,BASIS_WEIGHT_OFF_SPEC
EVT0054,300,BASIS_WEIGHT_OFF_SPEC
EVT0054,375,BASIS_WEIGHT_OFF_SPEC
EVT0054,450,BASIS_WEIGHT_OFF_SPEC
EVT0054,525,BASIS_WEIGHT_OFF_SPEC
EVT0054,600,BASIS_WEIGHT_OFF_SPEC
EVT0055,0,BASIS_WEIGHT_OFF_SPEC
EVT0055,75,BASIS_WEIGHT_OFF_SPEC
EVT0055,150,BASIS_WEIGHT_OFF_SPEC
EVT0055,225,BASIS_WEIGHT_OFF_SPEC
EVT0055,300,BASIS_WEIGHT_OFF_SPEC
EVT0055,375,BASIS_WEIGHT_OFF_SPEC
EVT0055,450,BASIS_WEIGHT_OFF_SPEC
EVT0055,525,BASIS_WEIGHT_OFF_SPEC
EVT0056,0,BASIS_WEIGHT_OFF_SPEC
EVT0056,75,BASIS_WEIGHT_OFF_SPEC
EVT0056,150,BASIS_WEIGHT_OFF_SPEC
EVT0056,225,BASIS_WEIGHT_OFF_SPEC
EVT0056,300,BASIS_WEIGHT_OFF_SPEC
EVT0056,405,BASIS_WEIGHT_OFF_SPEC
EVT0057,0,BASIS_WEIGHT_OFF_SPEC
EVT0057,75,BASIS_WEIGHT_OFF_SPEC
EVT0057,150,BASIS_WEIGHT_OFF_SPEC
EVT0057,225,BASIS_WEIGHT_OFF_SPEC
EVT0057,300,BASIS_WEIGHT_OFF_SPEC
EVT0057,375,BASIS_WEIGHT_OFF_SPEC
EVT0057,450,BASIS_WEIGHT_OFF_SPEC
EVT0057,540,BASIS_WEIGHT_OFF_SPEC
EVT0058,0,BASIS_WEIGHT_OFF_SPEC
EVT0058,75,BASIS_WEIGHT_OFF_SPEC
EVT0058,150,BASIS_WEIGHT_OFF_SPEC
EVT0058,225,BASIS_WEIGHT_OFF_SPEC
EVT0058,300,BASIS_WEIGHT_OFF_SPEC
EVT0058,375,BASIS_WEIGHT_OFF_SPEC
EVT0059,0,BASIS_WEIGHT_OFF_SPEC
EVT0059,75,BASIS_WEIGHT_OFF_SPEC
EVT0059,150,BASIS_WEIGHT_OFF_SPEC
EVT0059,225,BASIS_WEIGHT_OFF_SPEC
EVT0059,300,BASIS_WEIGHT_OFF_SPEC
EVT0059,375,BASIS_WEIGHT_OFF_SPEC
EVT0059,450,BASIS_WEIGHT_OFF_SPEC
EVT0059,525,BASIS_WEIGHT_OFF_SPEC
EVT0059,705,BASIS_WEIGHT_OFF_SPEC
EVT0060,0,BASIS_WEIGHT_OFF_SPEC
EVT0060,75,BASIS_WEIGHT_OFF_SPEC
EVT0060,150,BASIS_WEIGHT_OFF_SPEC
EVT0060,225,BASIS_WEIGHT_OFF_SPEC
EVT0060,300,BASIS_WEIGHT_OFF_SPEC
EVT0060,375,BASIS_WEIGHT_OFF_SPEC
EVT0060,450,BASIS_WEIGHT_OFF_SPEC
EVT0060,525,BASIS_WEIGHT_OFF_SPEC
EVT0060,600,BASIS_WEIGHT_OFF_SPEC
EVT0060,675,BASIS_WEIGHT_OFF_SPEC
EVT0061,0,BASIS_WEIGHT_OFF_SPEC
EVT0061,75,BASIS_WEIGHT_OFF_SPEC
EVT0061,150,BASIS_WEIGHT_OFF_SPEC
EVT0061,225,BASIS_WEIGHT_OFF_SPEC
EVT0061,300,BASIS_WEIGHT_OFF_SPEC
EVT0061,390,BASIS_WEIGHT_OFF_SPEC
EVT0061,465,BASIS_WEIGHT_OFF_SPEC
EVT0061,540,BASIS_WEIGHT_OFF_SPEC
EVT0061,630,BASIS_WEIGHT_OFF_SPEC
EVT0062,0,BASIS_WEIGHT_OFF_SPEC
EVT0062,75,BASIS_WEIGHT_OFF_SPEC
EVT0062,150,BASIS_WEIGHT_OFF_SPEC
EVT0062,225,BASIS_WEIGHT_OFF_SPEC
EVT0062,300,BASIS_WEIGHT_OFF_SPEC
EVT0062,540,BASIS_WEIGHT_OFF_SPEC
EVT0063,0,BASIS_WEIGHT_OFF_SPEC
EVT0063,75,BASIS_WEIGHT_OFF_SPEC
EVT0063,150,BASIS_WEIGHT_OFF_SPEC
EVT0063,225,BASIS_WEIGHT_OFF_SPEC
EVT0063,300,BASIS_WEIGHT_OFF_SPEC
EVT0063,375,BASIS_WEIGHT_OFF_SPEC
EVT0064,0,BASIS_WEIGHT_OFF_SPEC
EVT0064,75,BASIS_WEIGHT_OFF_SPEC
EVT0064,150,BASIS_WEIGHT_OFF_SPEC
EVT0064,225,BASIS_WEIGHT_OFF_SPEC
EVT0064,300,BASIS_WEIGHT_OFF_SPEC
EVT0064,375,BASIS_WEIGHT_OFF_SPEC
EVT0064,450,BASIS_WEIGHT_OFF_SPEC
EVT0064,525,BASIS_WEIGHT_OFF_SPEC
EVT0064,600,BASIS_WEIGHT_OFF_SPEC
EVT0064,675,BASIS_WEIGHT_OFF_SPEC
EVT0064,750,BASIS_WEIGHT_OFF_SPEC
EVT0064,825,BASIS_WEIGHT_OFF_SPEC
EVT0064,900,BASIS_WEIGHT_OFF_SPEC
EVT0064,975,BASIS_WEIGHT_OFF_SPEC
EVT0064,1050,BASIS_WEIGHT_OFF_SPEC
EVT0065,0,BASIS_WEIGHT_OFF_SPEC
EVT0065,75,BASIS_WEIGHT_OFF_SPEC
EVT0065,150,BASIS_WEIGHT_OFF_SPEC
EVT0065,225,BASIS_WEIGHT_OFF_SPEC
EVT0065,300,BASIS_WEIGHT_OFF_SPEC
EVT0065,375,BASIS_WEIGHT_OFF_SPEC
EVT0065,450,BASIS_WEIGHT_OFF_SPEC
EVT0065,555,BASIS_WEIGHT_OFF_SPEC
EVT0066,0,BASIS_WEIGHT_OFF_SPEC
EVT0066,75,BASIS_WEIGHT_OFF_SPEC
EVT0066,150,BASIS_WEIGHT_OFF_SPEC
EVT0066,225,BASIS_WEIGHT_OFF_SPEC
EVT0066,300,BASIS_WEIGHT_OFF_SPEC
EVT0066,375,BASIS_WEIGHT_OFF_SPEC
EVT0066,450,BASIS_WEIGHT_OFF_SPEC
EVT0066,525,BASIS_WEIGHT_OFF_SPEC
EVT0066,615,BASIS_WEIGHT_OFF_SPEC
EVT0067,0,BASIS_WEIGHT_OFF_SPEC
EVT0067,75,BASIS_WEIGHT_OFF_SPEC
EVT0067,150,BASIS_WEIGHT_OFF_SPEC
EVT0067,225,BASIS_WEIGHT_OFF_SPEC
EVT0067,300,BASIS_WEIGHT_OFF_SPEC
EVT0067,450,BASIS_WEIGHT_OFF_SPEC
EVT0068,0,BASIS_WEIGHT_OFF_SPEC
EVT0068,75,BASIS_WEIGHT_OFF_SPEC
EVT0068,150,BASIS_WEIGHT_OFF_SPEC
EVT0068,225,BASIS_WEIGHT_OFF_SPEC
EVT0068,300,BASIS_WEIGHT_OFF_SPEC
EVT0068,375,BASIS_WEIGHT_OFF_SPEC
EVT0068,480,BASIS_WEIGHT_OFF_SPEC
EVT0069,0,BASIS_WEIGHT_OFF_SPEC
EVT0069,75,BASIS_WEIGHT_OFF_SPEC
EVT0069,150,BASIS_WEIGHT_OFF_SPEC
EVT0069,225,BASIS_WEIGHT_OFF_SPEC
EVT0069,300,BASIS_WEIGHT_OFF_SPEC
EVT0070,0,BASIS_WEIGHT_OFF_SPEC
EVT0070,75,BASIS_WEIGHT_OFF_SPEC
EVT0070,150,BASIS_WEIGHT_OFF_SPEC
EVT0070,225,BASIS_WEIGHT_OFF_SPEC
EVT0070,300,BASIS_WEIGHT_OFF_SPEC
EVT0070,375,BASIS_WEIGHT_OFF_SPEC
EVT0071,0,BASIS_WEIGHT_OFF_SPEC
EVT0071,75,BASIS_WEIGHT_OFF_SPEC
EVT0071,150,BASIS_WEIGHT_OFF_SPEC
EVT0071,225,BASIS_WEIGHT_OFF_SPEC
EVT0071,300,BASIS_WEIGHT_OFF_SPEC
EVT0071,375,BASIS_WEIGHT_OFF_SPEC
EVT0071,450,BASIS_WEIGHT_OFF_SPEC
EVT0071,540,BASIS_WEIGHT_OFF_SPEC
EVT0072,0,BASIS_WEIGHT_OFF_SPEC
EVT0072,75,BASIS_WEIGHT_OFF_SPEC
EVT0072,150,BASIS_WEIGHT_OFF_SPEC
EVT0072,225,BASIS_WEIGHT_OFF_SPEC
EVT0072,300,BASIS_WEIGHT_OFF_SPEC
EVT0072,375,BASIS_WEIGHT_OFF_SPEC
EVT0072,450,BASIS_WEIGHT_OFF_SPEC
EVT0072,525,BASIS_WEIGHT_OFF_SPEC
EVT0072,600,BASIS_WEIGHT_OFF_SPEC
EVT0072,675,BASIS_WEIGHT_OFF_SPEC
EVT0072,750,BASIS_WEIGHT_OFF_SPEC
EVT0072,825,BASIS_WEIGHT_OFF_SPEC
EVT0072,930,BASIS_WEIGHT_OFF_SPEC
EVT0072,1185,BASIS_WEIGHT_OFF_SPEC
EVT0073,0,BASIS_WEIGHT_OFF_SPEC
EVT0073,75,BASIS_WEIGHT_OFF_SPEC
EVT0073,150,BASIS_WEIGHT_OFF_SPEC
EVT0073,225,BASIS_WEIGHT_OFF_SPEC
EVT0073,300,BASIS_WEIGHT_OFF_SPEC
EVT0074,0,BASIS_WEIGHT_OFF_SPEC
EVT0074,75,BASIS_WEIGHT_OFF_SPEC
EVT0074,150,BASIS_WEIGHT_OFF_SPEC
EVT0074,225,BASIS_WEIGHT_OFF_SPEC
EVT0074,300,BASIS_WEIGHT_OFF_SPEC
EVT0075,0,BASIS_WEIGHT_OFF_SPEC
EVT0075,75,BASIS_WEIGHT_OFF_SPEC
EVT0075,150,BASIS_WEIGHT_OFF_SPEC
EVT0075,225,BASIS_WEIGHT_OFF_SPEC
EVT0075,300,BASIS_WEIGHT_OFF_SPEC
EVT0075,390,BASIS_WEIGHT_OFF_SPEC
EVT0076,0,BASIS_WEIGHT_OFF_SPEC
EVT0076,75,BASIS_WEIGHT_OFF_SPEC
EVT0076,150,BASIS_WEIGHT_OFF_SPEC
EVT0076,225,BASIS_WEIGHT_OFF_SPEC
EVT0076,300,BASIS_WEIGHT_OFF_SPEC
EVT0076,375,BASIS_WEIGHT_OFF_SPEC
EVT0076,465,BASIS_WEIGHT_OFF_SPEC
EVT0076,600,BASIS_WEIGHT_OFF_SPEC
EVT0077,0,BASIS_WEIGHT_OFF_SPEC
EVT0077,75,BASIS_WEIGHT_OFF_SPEC
EVT0077,150,BASIS_WEIGHT_OFF_SPEC
EVT0077,225,BASIS_WEIGHT_OFF_SPEC
EVT0077,300,BASIS_WEIGHT_OFF_SPEC
EVT0077,375,BASIS_WEIGHT_OFF_SPEC
EVT0077,450,BASIS_WEIGHT_OFF_SPEC
EVT0077,525,BASIS_WEIGHT_OFF_SPEC
EVT0077,600,BASIS_WEIGHT_OFF_SPEC
EVT0077,690,BASIS_WEIGHT_OFF_SPEC
EVT0078,0,BASIS_WEIGHT_OFF_SPEC
EVT0078,75,BASIS_WEIGHT_OFF_SPEC
EVT0078,150,BASIS_WEIGHT_OFF_SPEC
EVT0078,225,BASIS_WEIGHT_OFF_SPEC
EVT0078,300,BASIS_WEIGHT_OFF_SPEC
EVT0078,375,BASIS_WEIGHT_OFF_SPEC
EVT0078,450,BASIS_WEIGHT_OFF_SPEC
EVT0079,0,BASIS_WEIGHT_OFF_SPEC
EVT0079,75,BASIS_WEIGHT_OFF_SPEC
EVT0079,150,BASIS_WEIGHT_OFF_SPEC
EVT0079,225,BASIS_WEIGHT_OFF_SPEC
EVT0079,300,BASIS_WEIGHT_OFF_SPEC
EVT0079,375,BASIS_WEIGHT_OFF_SPEC
EVT0079,450,BASIS_WEIGHT_OFF_SPEC
EVT0079,525,BASIS_WEIGHT_OFF_SPEC
EVT0079,600,BASIS_WEIGHT_OFF_SPEC
EVT0079,675,BASIS_WEIGHT_OFF_SPEC
EVT0079,765,BASIS_WEIGHT_OFF_SPEC
EVT0080,0,BASIS_WEIGHT_OFF_SPEC
EVT0080,75,BASIS_WEIGHT_OFF_SPEC
EVT0080,150,BASIS_WEIGHT_OFF_SPEC
EVT0080,225,BASIS_WEIGHT_OFF_SPEC
EVT0080,300,BASIS_WEIGHT_OFF_SPEC
EVT0080,375,BASIS_WEIGHT_OFF_SPEC
EVT0081,0,BASIS_WEIGHT_OFF_SPEC
EVT0081,75,BASIS_WEIGHT_OFF_SPEC
EVT0081,150,BASIS_WEIGHT_OFF_SPEC
EVT0081,225,BASIS_WEIGHT_OFF_SPEC
EVT0081,300,BASIS_WEIGHT_OFF_SPEC
EVT0081,390,BASIS_WEIGHT_OFF_SPEC
EVT0082,0,BASIS_WEIGHT_OFF_SPEC
EVT0082,75,BASIS_WEIGHT_OFF_SPEC
EVT0082,150,BASIS_WEIGHT_OFF_SPEC
EVT0082,225,BASIS_WEIGHT_OFF_SPEC
EVT0082,300,BASIS_WEIGHT_OFF_SPEC
EVT0082,390,BASIS_WEIGHT_OFF_SPEC
EVT0083,0,BASIS_WEIGHT_OFF_SPEC
EVT0083,75,BASIS_WEIGHT_OFF_SPEC
EVT0083,150,BASIS_WEIGHT_OFF_SPEC
EVT0083,225,BASIS_WEIGHT_OFF_SPEC
EVT0083,300,BASIS_WEIGHT_OFF_SPEC
EVT0083,375,BASIS_WEIGHT_OFF_SPEC
EVT0083,465,BASIS_WEIGHT_OFF_SPEC
EVT0084,0,BASIS_WEIGHT_OFF_SPEC
EVT0084,75,BASIS_WEIGHT_OFF_SPEC
EVT0084,150,BASIS_WEIGHT_OFF_SPEC
EVT0084,225,BASIS_WEIGHT_OFF_SPEC
EVT0084,300,BASIS_WEIGHT_OFF_SPEC
EVT0084,375,BASIS_WEIGHT_OFF_SPEC
EVT0084,465,BASIS_WEIGHT_OFF_SPEC
EVT0085,0,BASIS_WEIGHT_OFF_SPEC
EVT0085,75,BASIS_WEIGHT_OFF_SPEC
EVT0085,150,BASIS_WEIGHT_OFF_SPEC
EVT0085,225,BASIS_WEIGHT_OFF_SPEC
EVT0085,300,BASIS_WEIGHT_OFF_SPEC
EVT0085,420,BASIS_WEIGHT_OFF_SPEC
EVT0086,0,BASIS_WEIGHT_OFF_SPEC
EVT0086,75,BASIS_WEIGHT_OFF_SPEC
EVT0086,150,BASIS_WEIGHT_OFF_SPEC
EVT0086,225,BASIS_WEIGHT_OFF_SPEC
EVT0086,300,BASIS_WEIGHT_OFF_SPEC
EVT0086,405,BASIS_WEIGHT_OFF_SPEC
EVT0087,0,BASIS_WEIGHT_OFF_SPEC
EVT0087,75,BASIS_WEIGHT_OFF_SPEC
EVT0087,150,BASIS_WEIGHT_OFF_SPEC
EVT0087,225,BASIS_WEIGHT_OFF_SPEC
EVT0087,300,BASIS_WEIGHT_OFF_SPEC
EVT0087,405,BASIS_WEIGHT_OFF_SPEC
EVT0088,0,BASIS_WEIGHT_OFF_SPEC
EVT0088,75,BASIS_WEIGHT_OFF_SPEC
EVT0088,150,BASIS_WEIGHT_OFF_SPEC
EVT0088,225,BASIS_WEIGHT_OFF_SPEC
EVT0088,300,BASIS_WEIGHT_OFF_SPEC
EVT0089,0,BASIS_WEIGHT_OFF_SPEC
EVT0089,75,BASIS_WEIGHT_OFF_SPEC
EVT0089,150,BASIS_WEIGHT_OFF_SPEC
EVT0089,225,BASIS_WEIGHT_OFF_SPEC
EVT0089,300,BASIS_WEIGHT_OFF_SPEC
EVT0089,375,BASIS_WEIGHT_OFF_SPEC
EVT0089,450,BASIS_WEIGHT_OFF_SPEC
EVT0089,525,BASIS_WEIGHT_OFF_SPEC
EVT0089,600,BASIS_WEIGHT_OFF_SPEC
EVT0089,750,BASIS_WEIGHT_OFF_SPEC
EVT0090,0,BASIS_WEIGHT_OFF_SPEC
EVT0090,75,BASIS_WEIGHT_OFF_SPEC
EVT0090,150,BASIS_WEIGHT_OFF_SPEC
EVT0090,225,BASIS_WEIGHT_OFF_SPEC
EVT0090,300,BASIS_WEIGHT_OFF_SPEC
EVT0090,375,BASIS_WEIGHT_OFF_SPEC
EVT0090,450,BASIS_WEIGHT_OFF_SPEC
EVT0090,525,BASIS_WEIGHT_OFF_SPEC
EVT0090,615,BASIS_WEIGHT_OFF_SPEC
EVT0091,0,BASIS_WEIGHT_OFF_SPEC
EVT0091,75,BASIS_WEIGHT_OFF_SPEC
EVT0091,150,BASIS_WEIGHT_OFF_SPEC
EVT0091,225,BASIS_WEIGHT_OFF_SPEC
EVT0091,300,BASIS_WEIGHT_OFF_SPEC
EVT0091,375,BASIS_WEIGHT_OFF_SPEC
EVT0092,0,BASIS_WEIGHT_OFF_SPEC
EVT0092,75,BASIS_WEIGHT_OFF_SPEC
EVT0092,150,BASIS_WEIGHT_OFF_SPEC
EVT0092,225,BASIS_WEIGHT_OFF_SPEC
EVT0092,300,BASIS_WEIGHT_OFF_SPEC
EVT0092,405,BASIS_WEIGHT_OFF_SPEC
EVT0093,0,BASIS_WEIGHT_OFF_SPEC
EVT0093,75,BASIS_WEIGHT_OFF_SPEC
EVT0093,150,BASIS_WEIGHT_OFF_SPEC
EVT0093,225,BASIS_WEIGHT_OFF_SPEC
EVT0093,300,BASIS_WEIGHT_OFF_SPEC
EVT0093,375,BASIS_WEIGHT_OFF_SPEC
EVT0093,450,BASIS_WEIGHT_OFF_SPEC
EVT0093,525,BASIS_WEIGHT_OFF_SPEC
EVT0093,600,BASIS_WEIGHT_OFF_SPEC
EVT0094,0,BASIS_WEIGHT_OFF_SPEC
EVT0094,75,BASIS_WEIGHT_OFF_SPEC
EVT0094,150,BASIS_WEIGHT_OFF_SPEC
EVT0094,225,BASIS_WEIGHT_OFF_SPEC
EVT0094,300,BASIS_WEIGHT_OFF_SPEC
EVT0094,375,BASIS_WEIGHT_OFF_SPEC
EVT0094,450,BASIS_WEIGHT_OFF_SPEC
EVT0094,525,BASIS_WEIGHT_OFF_SPEC
EVT0094,615,BASIS_WEIGHT_OFF_SPEC
EVT0095,0,BASIS_WEIGHT_OFF_SPEC
EVT0095,75,BASIS_WEIGHT_OFF_SPEC
EVT0095,150,BASIS_WEIGHT_OFF_SPEC
EVT0095,225,BASIS_WEIGHT_OFF_SPEC
EVT0095,300,BASIS_WEIGHT_OFF_SPEC
EVT0095,375,BASIS_WEIGHT_OFF_SPEC
EVT0095,450,BASIS_WEIGHT_OFF_SPEC
EVT0095,525,BASIS_WEIGHT_OFF_SPEC
EVT0095,600,BASIS_WEIGHT_OFF_SPEC
EVT0095,675,BASIS_WEIGHT_OFF_SPEC
EVT0096,0,BASIS_WEIGHT_OFF_SPEC
EVT0096,75,BASIS_WEIGHT_OFF_SPEC
EVT0096,150,BASIS_WEIGHT_OFF_SPEC
EVT0096,225,BASIS_WEIGHT_OFF_SPEC
EVT0096,300,BASIS_WEIGHT_OFF_SPEC
EVT0096,375,BASIS_WEIGHT_OFF_SPEC
EVT0096,450,BASIS_WEIGHT_OFF_SPEC
EVT0097,0,BASIS_WEIGHT_OFF_SPEC
EVT0097,75,BASIS_WEIGHT_OFF_SPEC
EVT0097,150,BASIS_WEIGHT_OFF_SPEC
EVT0097,225,BASIS_WEIGHT_OFF_SPEC
EVT0097,300,BASIS_WEIGHT_OFF_SPEC
EVT0097,435,BASIS_WEIGHT_OFF_SPEC
EVT0098,0,BASIS_WEIGHT_OFF_SPEC
EVT0098,75,BASIS_WEIGHT_OFF_SPEC
EVT0098,150,BASIS_WEIGHT_OFF_SPEC
EVT0098,225,BASIS_WEIGHT_OFF_SPEC
EVT0098,300,BASIS_WEIGHT_OFF_SPEC
EVT0098,420,BASIS_WEIGHT_OFF_SPEC
EVT0099,0,BASIS_WEIGHT_OFF_SPEC
EVT0099,75,BASIS_WEIGHT_OFF_SPEC
EVT0099,150,BASIS_WEIGHT_OFF_SPEC
EVT0099,225,BASIS_WEIGHT_OFF_SPEC
EVT0099,300,BASIS_WEIGHT_OFF_SPEC
EVT0100,0,BASIS_WEIGHT_OFF_SPEC
EVT0100,75,BASIS_WEIGHT_OFF_SPEC
EVT0100,150,BASIS_WEIGHT_OFF_SPEC
EVT0100,225,BASIS_WEIGHT_OFF_SPEC
EVT0100,300,BASIS_WEIGHT_OFF_SPEC
EVT0100,375,BASIS_WEIGHT_OFF_SPEC
EVT0100,450,BASIS_WEIGHT_OFF_SPEC
EVT0100,675,BASIS_WEIGHT_OFF_SPEC
EVT0101,0,BASIS_WEIGHT_OFF_SPEC
EVT0101,75,BASIS_WEIGHT_OFF_SPEC
EVT0101,150,BASIS_WEIGHT_OFF_SPEC
EVT0101,225,BASIS_WEIGHT_OFF_SPEC
EVT0101,300,BASIS_WEIGHT_OFF_SPEC
EVT0102,0,BASIS_WEIGHT_OFF_SPEC
EVT0102,75,BASIS_WEIGHT_OFF_SPEC
EVT0102,150,BASIS_WEIGHT_OFF_SPEC
EVT0102,225,BASIS_WEIGHT_OFF_SPEC
EVT0102,300,BASIS_WEIGHT_OFF_SPEC
EVT0102,375,BASIS_WEIGHT_OFF_SPEC
EVT0102,465,BASIS_WEIGHT_OFF_SPEC
EVT0103,0,BASIS_WEIGHT_OFF_SPEC
EVT0103,75,BASIS_WEIGHT_OFF_SPEC
EVT0103,150,BASIS_WEIGHT_OFF_SPEC
EVT0103,225,BASIS_WEIGHT_OFF_SPEC
EVT0103,300,BASIS_WEIGHT_OFF_SPEC
EVT0103,375,BASIS_WEIGHT_OFF_SPEC
EVT0103,450,BASIS_WEIGHT_OFF_SPEC
EVT0103,525,BASIS_WEIGHT_OFF_SPEC
EVT0103,600,BASIS_WEIGHT_OFF_SPEC
EVT0104,0,BASIS_WEIGHT_OFF_SPEC
EVT0104,75,BASIS_WEIGHT_OFF_SPEC
EVT0104,150,BASIS_WEIGHT_OFF_SPEC
EVT0104,225,BASIS_WEIGHT_OFF_SPEC
EVT0104,300,BASIS_WEIGHT_OFF_SPEC
EVT0104,375,BASIS_WEIGHT_OFF_SPEC
EVT0104,450,BASIS_WEIGHT_OFF_SPEC
EVT0105,0,BASIS_WEIGHT_OFF_SPEC
EVT0105,75,BASIS_WEIGHT_OFF_SPEC
EVT0105,150,BASIS_WEIGHT_OFF_SPEC
EVT0105,225,BASIS_WEIGHT_OFF_SPEC
EVT0105,300,BASIS_WEIGHT_OFF_SPEC
EVT0105,375,BASIS_WEIGHT_OFF_SPEC
EVT0105,450,BASIS_WEIGHT_OFF_SPEC
EVT0105,525,BASIS_WEIGHT_OFF_SPEC
EVT0105,600,BASIS_WEIGHT_OFF_SPEC
EVT0105,705,BASIS_WEIGHT_OFF_SPEC
EVT0106,0,BASIS_WEIGHT_OFF_SPEC
EVT0106,75,BASIS_WEIGHT_OFF_SPEC
EVT0106,150,BASIS_WEIGHT_OFF_SPEC
EVT0106,225,BASIS_WEIGHT_OFF_SPEC
EVT0106,300,BASIS_WEIGHT_OFF_SPEC
EVT0106,375,BASIS_WEIGHT_OFF_SPEC
EVT0106,450,BASIS_WEIGHT_OFF_SPEC
EVT0106,615,BASIS_WEIGHT_OFF_SPEC
EVT0107,0,BASIS_WEIGHT_OFF_SPEC
EVT0107,75,BASIS_WEIGHT_OFF_SPEC
EVT0107,150,BASIS_WEIGHT_OFF_SPEC
EVT0107,225,BASIS_WEIGHT_OFF_SPEC
EVT0107,300,BASIS_WEIGHT_OFF_SPEC
EVT0107,405,BASIS_WEIGHT_OFF_SPEC
EVT0108,0,BASIS_WEIGHT_OFF_SPEC
EVT0108,75,BASIS_WEIGHT_OFF_SPEC
EVT0108,150,BASIS_WEIGHT_OFF_SPEC
EVT0108,225,BASIS_WEIGHT_OFF_SPEC
EVT0108,300,BASIS_WEIGHT_OFF_SPEC
EVT0108,375,BASIS_WEIGHT_OFF_SPEC
EVT0108,450,BASIS_WEIGHT_OFF_SPEC
EVT0108,585,BASIS_WEIGHT_OFF_SPEC
EVT0109,0,BASIS_WEIGHT_OFF_SPEC
EVT0109,75,BASIS_WEIGHT_OFF_SPEC
EVT0109,150,BASIS_WEIGHT_OFF_SPEC
EVT0109,225,BASIS_WEIGHT_OFF_SPEC
EVT0109,300,BASIS_WEIGHT_OFF_SPEC
EVT0109,375,BASIS_WEIGHT_OFF_SPEC
EVT0109,450,BASIS_WEIGHT_OFF_SPEC
EVT0109,525,BASIS_WEIGHT_OFF_SPEC
EVT0109,600,BASIS_WEIGHT_OFF_SPEC
EVT0109,675,BASIS_WEIGHT_OFF_SPEC
EVT0109,750,BASIS_WEIGHT_OFF_SPEC
EVT0110,0,BASIS_WEIGHT_OFF_SPEC
EVT0110,75,BASIS_WEIGHT_OFF_SPEC
EVT0110,150,BASIS_WEIGHT_OFF_SPEC
EVT0110,225,BASIS_WEIGHT_OFF_SPEC
EVT0110,300,BASIS_WEIGHT_OFF_SPEC
EVT0110,375,BASIS_WEIGHT_OFF_SPEC
EVT0111,0,BASIS_WEIGHT_OFF_SPEC
EVT0111,75,BASIS_WEIGHT_OFF_SPEC
EVT0111,150,BASIS_WEIGHT_OFF_SPEC
EVT0111,225,BASIS_WEIGHT_OFF_SPEC
EVT0111,300,BASIS_WEIGHT_OFF_SPEC
EVT0111,375,BASIS_WEIGHT_OFF_SPEC
EVT0112,0,BASIS_WEIGHT_OFF_SPEC
EVT0112,75,BASIS_WEIGHT_OFF_SPEC
EVT0112,150,BASIS_WEIGHT_OFF_SPEC
EVT0112,225,BASIS_WEIGHT_OFF_SPEC
EVT0112,300,BASIS_WEIGHT_OFF_SPEC
EVT0112,375,BASIS_WEIGHT_OFF_SPEC
EVT0112,450,BASIS_WEIGHT_OFF_SPEC
EVT0113,0,BASIS_WEIGHT_OFF_SPEC
EVT0113,75,BASIS_WEIGHT_OFF_SPEC
EVT0113,150,BASIS_WEIGHT_OFF_SPEC
EVT0113,225,BASIS_WEIGHT_OFF_SPEC
EVT0113,300,BASIS_WEIGHT_OFF_SPEC
EVT0113,375,BASIS_WEIGHT_OFF_SPEC
EVT0113,450,BASIS_WEIGHT_OFF_SPEC
EVT0113,525,BASIS_WEIGHT_OFF_SPEC
EVT0113,600,BASIS_WEIGHT_OFF_SPEC
EVT0113,690,BASIS_WEIGHT_OFF_SPEC
EVT0114,0,BASIS_WEIGHT_OFF_SPEC
EVT0114,75,BASIS_WEIGHT_OFF_SPEC
EVT0114,150,BASIS_WEIGHT_OFF_SPEC
EVT0114,225,BASIS_WEIGHT_OFF_SPEC
EVT0114,300,BASIS_WEIGHT_OFF_SPEC
EVT0114,390,BASIS_WEIGHT_OFF_SPEC
EVT0114,510,BASIS_WEIGHT_OFF_SPEC
EVT0115,0,BASIS_WEIGHT_OFF_SPEC
EVT0115,75,BASIS_WEIGHT_OFF_SPEC
EVT0115,150,BASIS_WEIGHT_OFF_SPEC
EVT0115,225,BASIS_WEIGHT_OFF_SPEC
EVT0115,300,BASIS_WEIGHT_OFF_SPEC
EVT0115,375,BASIS_WEIGHT_OFF_SPEC
EVT0115,450,BASIS_WEIGHT_OFF_SPEC
EVT0115,540,BASIS_WEIGHT_OFF_SPEC
EVT0116,0,BASIS_WEIGHT_OFF_SPEC
EVT0116,75,BASIS_WEIGHT_OFF_SPEC
EVT0116,150,BASIS_WEIGHT_OFF_SPEC
EVT0116,225,BASIS_WEIGHT_OFF_SPEC
EVT0116,300,BASIS_WEIGHT_OFF_SPEC
EVT0116,375,BASIS_WEIGHT_OFF_SPEC
EVT0116,450,BASIS_WEIGHT_OFF_SPEC
EVT0116,525,BASIS_WEIGHT_OFF_SPEC
EVT0116,600,BASIS_WEIGHT_OFF_SPEC
EVT0117,0,BASIS_WEIGHT_OFF_SPEC
EVT0117,75,BASIS_WEIGHT_OFF_SPEC
EVT0117,150,BASIS_WEIGHT_OFF_SPEC
EVT0117,225,BASIS_WEIGHT_OFF_SPEC
EVT0117,300,BASIS_WEIGHT_OFF_SPEC
EVT0117,375,BASIS_WEIGHT_OFF_SPEC
EVT0117,450,BASIS_WEIGHT_OFF_SPEC
EVT0117,525,BASIS_WEIGHT_OFF_SPEC
EVT0117,615,BASIS_WEIGHT_OFF_SPEC
EVT0117,720,BASIS_WEIGHT_OFF_SPEC
EVT0118,0,BASIS_WEIGHT_OFF_SPEC
EVT0118,75,BASIS_WEIGHT_OFF_SPEC
EVT0118,150,BASIS_WEIGHT_OFF_SPEC
EVT0118,225,BASIS_WEIGHT_OFF_SPEC
EVT0118,300,BASIS_WEIGHT_OFF_SPEC
EVT0118,390,BASIS_WEIGHT_OFF_SPEC
EVT0118,690,BASIS_WEIGHT_OFF_SPEC
EVT0119,0,BASIS_WEIGHT_OFF_SPEC
EVT0119,75,BASIS_WEIGHT_OFF_SPEC
EVT0119,150,BASIS_WEIGHT_OFF_SPEC
EVT0119,225,BASIS_WEIGHT_OFF_SPEC
EVT0119,300,BASIS_WEIGHT_OFF_SPEC
EVT0119,375,BASIS_WEIGHT_OFF_SPEC
EVT0119,450,BASIS_WEIGHT_OFF_SPEC
EVT0119,525,BASIS_WEIGHT_OFF_SPEC
EVT0119,600,BASIS_WEIGHT_OFF_SPEC
EVT0119,675,BASIS_WEIGHT_OFF_SPEC
EVT0119,750,BASIS_WEIGHT_OFF_SPEC
EVT0119,825,BASIS_WEIGHT_OFF_SPEC
EVT0119,900,BASIS_WEIGHT_OFF_SPEC
EVT0119,1080,BASIS_WEIGHT_OFF_SPEC
EVT0120,0,BASIS_WEIGHT_OFF_SPEC
EVT0120,75,BASIS_WEIGHT_OFF_SPEC
EVT0120,150,BASIS_WEIGHT_OFF_SPEC
EVT0120,225,BASIS_WEIGHT_OFF_SPEC
EVT0120,300,BASIS_WEIGHT_OFF_SPEC
EVT0120,405,BASIS_WEIGHT_OFF_SPEC
EVT0121,0,BASIS_WEIGHT_OFF_SPEC
EVT0121,75,BASIS_WEIGHT_OFF_SPEC
EVT0121,150,BASIS_WEIGHT_OFF_SPEC
EVT0121,225,BASIS_WEIGHT_OFF_SPEC
EVT0121,300,BASIS_WEIGHT_OFF_SPEC
EVT0121,375,BASIS_WEIGHT_OFF_SPEC
EVT0121,450,BASIS_WEIGHT_OFF_SPEC
EVT0121,525,BASIS_WEIGHT_OFF_SPEC
EVT0121,600,BASIS_WEIGHT_OFF_SPEC
EVT0121,675,BASIS_WEIGHT_OFF_SPEC
EVT0122,0,BASIS_WEIGHT_OFF_SPEC
EVT0122,75,BASIS_WEIGHT_OFF_SPEC
EVT0122,150,BASIS_WEIGHT_OFF_SPEC
EVT0122,225,BASIS_WEIGHT_OFF_SPEC
EVT0122,300,BASIS_WEIGHT_OFF_SPEC
EVT0122,375,BASIS_WEIGHT_OFF_SPEC
EVT0122,465,BASIS_WEIGHT_OFF_SPEC
EVT0123,0,BASIS_WEIGHT_OFF_SPEC
EVT0123,75,BASIS_WEIGHT_OFF_SPEC
EVT0123,150,BASIS_WEIGHT_OFF_SPEC
EVT0123,225,BASIS_WEIGHT_OFF_SPEC
EVT0123,300,BASIS_WEIGHT_OFF_SPEC
EVT0123,375,BASIS_WEIGHT_OFF_SPEC
EVT0123,465,BASIS_WEIGHT_OFF_SPEC
EVT0124,0,BASIS_WEIGHT_OFF_SPEC
EVT0124,75,BASIS_WEIGHT_OFF_SPEC
EVT0124,150,BASIS_WEIGHT_OFF_SPEC
EVT0124,225,BASIS_WEIGHT_OFF_SPEC
EVT0124,300,BASIS_WEIGHT_OFF_SPEC
EVT0124,375,BASIS_WEIGHT_OFF_SPEC
EVT0124,450,BASIS_WEIGHT_OFF_SPEC
EVT0124,525,BASIS_WEIGHT_OFF_SPEC
EVT0124,600,BASIS_WEIGHT_OFF_SPEC
EVT0124,705,BASIS_WEIGHT_OFF_SPEC
EVT0125,0,BASIS_WEIGHT_OFF_SPEC
EVT0125,75,BASIS_WEIGHT_OFF_SPEC
EVT0125,150,BASIS_WEIGHT_OFF_SPEC
EVT0125,225,BASIS_WEIGHT_OFF_SPEC
EVT0125,300,BASIS_WEIGHT_OFF_SPEC
EVT0125,420,BASIS_WEIGHT_OFF_SPEC
EVT0126,0,BASIS_WEIGHT_OFF_SPEC
EVT0126,75,BASIS_WEIGHT_OFF_SPEC
EVT0126,150,BASIS_WEIGHT_OFF_SPEC
EVT0126,225,BASIS_WEIGHT_OFF_SPEC
EVT0126,300,BASIS_WEIGHT_OFF_SPEC
EVT0126,375,BASIS_WEIGHT_OFF_SPEC
EVT0127,0,BASIS_WEIGHT_OFF_SPEC
EVT0127,75,BASIS_WEIGHT_OFF_SPEC
EVT0127,150,BASIS_WEIGHT_OFF_SPEC
EVT0127,225,BASIS_WEIGHT_OFF_SPEC
EVT0127,300,BASIS_WEIGHT_OFF_SPEC
EVT0128,0,BASIS_WEIGHT_OFF_SPEC
EVT0128,75,BASIS_WEIGHT_OFF_SPEC
EVT0128,150,BASIS_WEIGHT_OFF_SPEC
EVT0128,225,BASIS_WEIGHT_OFF_SPEC
EVT0128,300,BASIS_WEIGHT_OFF_SPEC
EVT0128,510,BASIS_WEIGHT_OFF_SPEC
EVT0129,0,BASIS_WEIGHT_OFF_SPEC
EVT0129,75,BASIS_WEIGHT_OFF_SPEC
EVT0129,150,BASIS_WEIGHT_OFF_SPEC
EVT0129,225,BASIS_WEIGHT_OFF_SPEC
EVT0129,300,BASIS_WEIGHT_OFF_SPEC
EVT0129,375,BASIS_WEIGHT_OFF_SPEC
EVT0129,450,BASIS_WEIGHT_OFF_SPEC
EVT0129,525,BASIS_WEIGHT_OFF_SPEC
EVT0129,615,BASIS_WEIGHT_OFF_SPEC
EVT0130,0,BASIS_WEIGHT_OFF_SPEC
EVT0130,75,BASIS_WEIGHT_OFF_SPEC
EVT0130,150,BASIS_WEIGHT_OFF_SPEC
EVT0130,225,BASIS_WEIGHT_OFF_SPEC
EVT0130,300,BASIS_WEIGHT_OFF_SPEC
EVT0130,375,BASIS_WEIGHT_OFF_SPEC
EVT0130,450,BASIS_WEIGHT_OFF_SPEC
EVT0130,540,BASIS_WEIGHT_OFF_SPEC
EVT0130,795,BASIS_WEIGHT_OFF_SPEC
EVT0131,0,BASIS_WEIGHT_OFF_SPEC
EVT0131,75,BASIS_WEIGHT_OFF_SPEC
EVT0131,150,BASIS_WEIGHT_OFF_SPEC
EVT0131,225,BASIS_WEIGHT_OFF_SPEC
EVT0131,300,BASIS_WEIGHT_OFF_SPEC
EVT0131,375,BASIS_WEIGHT_OFF_SPEC
EVT0131,450,BASIS_WEIGHT_OFF_SPEC
EVT0131,525,BASIS_WEIGHT_OFF_SPEC
EVT0131,600,BASIS_WEIGHT_OFF_SPEC
EVT0131,675,BASIS_WEIGHT_OFF_SPEC
EVT0131,765,BASIS_WEIGHT_OFF_SPEC
EVT0131,840,BASIS_WEIGHT_OFF_SPEC
EVT0132,0,BASIS_WEIGHT_OFF_SPEC
EVT0132,75,BASIS_WEIGHT_OFF_SPEC
EVT0132,150,BASIS_WEIGHT_OFF_SPEC
EVT0132,225,BASIS_WEIGHT_OFF_SPEC
EVT0132,300,BASIS_WEIGHT_OFF_SPEC
EVT0132,375,BASIS_WEIGHT_OFF_SPEC
EVT0133,0,BASIS_WEIGHT_OFF_SPEC
EVT0133,75,BASIS_WEIGHT_OFF_SPEC
EVT0133,150,BASIS_WEIGHT_OFF_SPEC
EVT0133,225,BASIS_WEIGHT_OFF_SPEC
EVT0133,300,BASIS_WEIGHT_OFF_SPEC
EVT0133,375,BASIS_WEIGHT_OFF_SPEC
EVT0133,450,BASIS_WEIGHT_OFF_SPEC
EVT0134,0,BASIS_WEIGHT_OFF_SPEC
EVT0134,75,BASIS_WEIGHT_OFF_SPEC
EVT0134,150,BASIS_WEIGHT_OFF_SPEC
EVT0134,225,BASIS_WEIGHT_OFF_SPEC
EVT0134,300,BASIS_WEIGHT_OFF_SPEC
EVT0134,375,BASIS_WEIGHT_OFF_SPEC
EVT0134,450,BASIS_WEIGHT_OFF_SPEC
EVT0134,525,BASIS_WEIGHT_OFF_SPEC
EVT0134,600,BASIS_WEIGHT_OFF_SPEC
EVT0134,675,BASIS_WEIGHT_OFF_SPEC
EVT0134,750,BASIS_WEIGHT_OFF_SPEC
EVT0134,945,BASIS_WEIGHT_OFF_SPEC
EVT0135,0,BASIS_WEIGHT_OFF_SPEC
EVT0135,75,BASIS_WEIGHT_OFF_SPEC
EVT0135,150,BASIS_WEIGHT_OFF_SPEC
EVT0135,225,BASIS_WEIGHT_OFF_SPEC
EVT0135,300,BASIS_WEIGHT_OFF_SPEC
EVT0135,375,BASIS_WEIGHT_OFF_SPEC
EVT0135,450,BASIS_WEIGHT_OFF_SPEC
EVT0135,525,BASIS_WEIGHT_OFF_SPEC
EVT0136,0,BASIS_WEIGHT_OFF_SPEC
EVT0136,75,BASIS_WEIGHT_OFF_SPEC
EVT0136,150,BASIS_WEIGHT_OFF_SPEC
EVT0136,225,BASIS_WEIGHT_OFF_SPEC
EVT0136,300,BASIS_WEIGHT_OFF_SPEC
EVT0136,375,BASIS_WEIGHT_OFF_SPEC
EVT0136,480,BASIS_WEIGHT_OFF_SPEC
EVT0137,0,BASIS_WEIGHT_OFF_SPEC
EVT0137,75,BASIS_WEIGHT_OFF_SPEC
EVT0137,150,BASIS_WEIGHT_OFF_SPEC
EVT0137,225,BASIS_WEIGHT_OFF_SPEC
EVT0137,300,BASIS_WEIGHT_OFF_SPEC
EVT0137,375,BASIS_WEIGHT_OFF_SPEC
EVT0137,450,BASIS_WEIGHT_OFF_SPEC
EVT0137,525,BASIS_WEIGHT_OFF_SPEC
EVT0137,600,BASIS_WEIGHT_OFF_SPEC
EVT0137,675,BASIS_WEIGHT_OFF_SPEC
EVT0137,750,BASIS_WEIGHT_OFF_SPEC
EVT0138,0,BASIS_WEIGHT_OFF_SPEC
EVT0138,75,BASIS_WEIGHT_OFF_SPEC
EVT0138,150,BASIS_WEIGHT_OFF_SPEC
EVT0138,225,BASIS_WEIGHT_OFF_SPEC
EVT0138,300,BASIS_WEIGHT_OFF_SPEC
EVT0138,375,BASIS_WEIGHT_OFF_SPEC
EVT0138,450,BASIS_WEIGHT_OFF_SPEC
EVT0139,0,BASIS_WEIGHT_OFF_SPEC
EVT0139,75,BASIS_WEIGHT_OFF_SPEC
EVT0139,150,BASIS_WEIGHT_OFF_SPEC
EVT0139,225,BASIS_WEIGHT_OFF_SPEC
EVT0139,300,BASIS_WEIGHT_OFF_SPEC
EVT0139,375,BASIS_WEIGHT_OFF_SPEC
